dish,genotype,N,phase,nnd_ratio,iid_ratio
2026-06-01_09.57.44_ROI1_TL_W1118_stage3,W1118,10.0,baseline,1.052518149885037,1.1067655749864478
2026-06-01_09.57.44_ROI1_TL_W1118_stage3,W1118,10.0,early EtOH,1.138550352288805,1.088940291359989
2026-06-01_09.57.44_ROI1_TL_W1118_stage3,W1118,10.0,late EtOH,1.103886489095251,0.8936281968760341
2026-06-01_09.57.44_ROI1_TL_W1118_stage3,W1118,10.0,recovery,1.1213270990351842,0.8150290695505948
2026-06-01_09.57.44_ROI2_BL_dSERT_stage3,dSERT,10.0,baseline,1.034472867198257,0.9792734235845718
2026-06-01_09.57.44_ROI2_BL_dSERT_stage3,dSERT,10.0,early EtOH,1.0905385435051949,1.0931828784201068
2026-06-01_09.57.44_ROI2_BL_dSERT_stage3,dSERT,10.0,late EtOH,0.9719044241067701,0.9765625395877908
2026-06-01_09.57.44_ROI2_BL_dSERT_stage3,dSERT,10.0,recovery,1.0049817433707955,0.9522043032052846
2026-06-01_09.57.44_ROI3_TR_dSERT_stage3,dSERT,10.0,baseline,0.963825900864537,0.8954534130283458
2026-06-01_09.57.44_ROI3_TR_dSERT_stage3,dSERT,10.0,early EtOH,1.0747211841478992,1.0854395287604532
2026-06-01_09.57.44_ROI3_TR_dSERT_stage3,dSERT,10.0,late EtOH,1.0649978282321255,1.0430873572204364
2026-06-01_09.57.44_ROI3_TR_dSERT_stage3,dSERT,10.0,recovery,1.0536811250486589,0.9819243305800519
2026-06-01_09.57.44_ROI4_BR_W1118_stage3,W1118,10.0,baseline,1.093287430287686,0.9609708017673649
2026-06-01_09.57.44_ROI4_BR_W1118_stage3,W1118,10.0,early EtOH,1.1717723081515834,1.1269743088020427
2026-06-01_09.57.44_ROI4_BR_W1118_stage3,W1118,10.0,late EtOH,1.0171222760967993,0.8992000031217675
2026-06-01_09.57.44_ROI4_BR_W1118_stage3,W1118,10.0,recovery,0.847270329000499,0.694818166444375
2026-06-03_10.01.39_ROI1_TL_W1118_stage3,W1118,11.0,baseline,0.8888173425552341,0.7204049350774235
2026-06-03_10.01.39_ROI1_TL_W1118_stage3,W1118,11.0,early EtOH,1.1551069336818969,1.1046388126995461
2026-06-03_10.01.39_ROI1_TL_W1118_stage3,W1118,11.0,late EtOH,1.2170049113951007,1.0783666444067426
2026-06-03_10.01.39_ROI1_TL_W1118_stage3,W1118,11.0,recovery,1.3236127317825428,1.0611215465651258
2026-06-03_10.01.39_ROI2_BL_dSERT_stage3,dSERT,10.0,baseline,1.0869527758554527,1.0038909222869736
2026-06-03_10.01.39_ROI2_BL_dSERT_stage3,dSERT,10.0,early EtOH,1.0254720530708585,1.0506295036372966
2026-06-03_10.01.39_ROI2_BL_dSERT_stage3,dSERT,10.0,late EtOH,1.0123426911703868,0.9814745721648532
2026-06-03_10.01.39_ROI2_BL_dSERT_stage3,dSERT,10.0,recovery,1.0495110827911627,0.9779256676430608
2026-06-03_10.01.39_ROI3_TR_dSERT_stage3,dSERT,10.0,baseline,0.9602532212526459,0.9372472478357788
2026-06-03_10.01.39_ROI3_TR_dSERT_stage3,dSERT,10.0,early EtOH,1.090890432718183,1.0773620048552488
2026-06-03_10.01.39_ROI3_TR_dSERT_stage3,dSERT,10.0,late EtOH,1.0132899075902004,0.9902093479595462
2026-06-03_10.01.39_ROI3_TR_dSERT_stage3,dSERT,10.0,recovery,0.9882810478011538,0.9185252896913261
2026-06-03_10.01.39_ROI4_BR_W1118_stage3,W1118,10.0,baseline,1.0434872364386534,0.9148422135470797
2026-06-03_10.01.39_ROI4_BR_W1118_stage3,W1118,10.0,early EtOH,1.1291292009485145,1.0154299248424976
2026-06-03_10.01.39_ROI4_BR_W1118_stage3,W1118,10.0,late EtOH,1.1580265457032304,1.0856839916735033
2026-06-03_10.01.39_ROI4_BR_W1118_stage3,W1118,10.0,recovery,1.3077513650892374,1.0528020858545006
2026-06-04_08.55.54_ROI1_TL_dSERT_stage3,dSERT,10.0,baseline,1.0602303092884497,1.0348960781627363
2026-06-04_08.55.54_ROI1_TL_dSERT_stage3,dSERT,10.0,early EtOH,1.0721529605979463,1.0712146688435729
2026-06-04_08.55.54_ROI1_TL_dSERT_stage3,dSERT,10.0,late EtOH,0.9909713808705494,0.9698441010398351
2026-06-04_08.55.54_ROI1_TL_dSERT_stage3,dSERT,10.0,recovery,0.9599726561898821,0.8797914337006335
2026-06-04_08.55.54_ROI2_BL_W1118_stage3,W1118,9.0,baseline,0.9092744521160021,0.7312475203768263
2026-06-04_08.55.54_ROI2_BL_W1118_stage3,W1118,9.0,early EtOH,1.2360173453848036,1.1294099863900757
2026-06-04_08.55.54_ROI2_BL_W1118_stage3,W1118,9.0,late EtOH,1.1120846335171761,1.1515016650570087
2026-06-04_08.55.54_ROI2_BL_W1118_stage3,W1118,9.0,recovery,0.8084624995891299,0.9248078718883377
2026-06-04_08.55.54_ROI3_TR_W1118_stage3,W1118,10.0,baseline,1.0052725814944221,0.8730934713388554
2026-06-04_08.55.54_ROI3_TR_W1118_stage3,W1118,10.0,early EtOH,1.1675227128187629,1.0644146588777312
2026-06-04_08.55.54_ROI3_TR_W1118_stage3,W1118,10.0,late EtOH,1.1585146626362814,1.0850573951007036
2026-06-04_08.55.54_ROI3_TR_W1118_stage3,W1118,10.0,recovery,0.9765659543886336,0.9167066289712328
2026-06-04_08.55.54_ROI4_BR_dSERT_stage3,dSERT,10.0,baseline,1.0016947330685206,0.9996586273949799
2026-06-04_08.55.54_ROI4_BR_dSERT_stage3,dSERT,10.0,early EtOH,1.0849171177672738,1.0456930086680116
2026-06-04_08.55.54_ROI4_BR_dSERT_stage3,dSERT,10.0,late EtOH,1.036387874171884,0.9679700536782896
2026-06-04_08.55.54_ROI4_BR_dSERT_stage3,dSERT,10.0,recovery,0.9692981026427123,0.90527926680022
2026-06-04_09.26.26_ROI1_TL_W1118_stage3,W1118,10.0,baseline,0.8937591245640578,0.7572883700808641
2026-06-04_09.26.26_ROI1_TL_W1118_stage3,W1118,10.0,early EtOH,1.111536087655762,1.087512694002653
2026-06-04_09.26.26_ROI1_TL_W1118_stage3,W1118,10.0,late EtOH,1.1938803076408835,1.0351838652033283
2026-06-04_09.26.26_ROI1_TL_W1118_stage3,W1118,10.0,recovery,1.2082689509745748,1.0298498418917572
2026-06-04_09.26.26_ROI2_BL_dSERT_stage3,dSERT,10.0,baseline,0.9639214384225435,0.9261667563328603
2026-06-04_09.26.26_ROI2_BL_dSERT_stage3,dSERT,10.0,early EtOH,1.0958884581682096,1.11568149640272
2026-06-04_09.26.26_ROI2_BL_dSERT_stage3,dSERT,10.0,late EtOH,1.000855982791287,0.9873511127508763
2026-06-04_09.26.26_ROI2_BL_dSERT_stage3,dSERT,10.0,recovery,0.9840442631344352,0.9149546110055771
2026-06-04_09.26.26_ROI3_TR_dSERT_stage3,dSERT,9.0,baseline,0.9861095367654776,0.8980235268806889
2026-06-04_09.26.26_ROI3_TR_dSERT_stage3,dSERT,9.0,early EtOH,1.0522984941034295,1.0707122518481025
2026-06-04_09.26.26_ROI3_TR_dSERT_stage3,dSERT,9.0,late EtOH,1.0082896779646584,1.0209700410908704
2026-06-04_09.26.26_ROI3_TR_dSERT_stage3,dSERT,9.0,recovery,0.9284503846592768,0.9199573483328125
2026-06-04_09.26.26_ROI4_BR_W1118_stage3,W1118,9.0,baseline,0.8194680531640741,0.6974470316020746
2026-06-04_09.26.26_ROI4_BR_W1118_stage3,W1118,9.0,early EtOH,1.143875039104947,1.137572475405715
2026-06-04_09.26.26_ROI4_BR_W1118_stage3,W1118,9.0,late EtOH,1.0620129682356227,1.0110660443813528
2026-06-04_09.26.26_ROI4_BR_W1118_stage3,W1118,9.0,recovery,0.9596076365045664,0.784772472476214
2026-06-10_12.56.17_ROI1_TL_W1118_stage3,W1118,10.0,baseline,0.7901686234464351,0.6532671163910204
2026-06-10_12.56.17_ROI1_TL_W1118_stage3,W1118,10.0,early EtOH,1.2158220107526514,1.214935142843087
2026-06-10_12.56.17_ROI1_TL_W1118_stage3,W1118,10.0,late EtOH,1.2690956146293781,1.0285487354791583
2026-06-10_12.56.17_ROI1_TL_W1118_stage3,W1118,10.0,recovery,1.1995623464312528,0.9383350004758878
2026-06-10_12.56.17_ROI2_BL_dSERT_stage3,dSERT,9.0,baseline,0.9011550653040769,0.9222171157448309
2026-06-10_12.56.17_ROI2_BL_dSERT_stage3,dSERT,9.0,early EtOH,1.0996218778617646,1.080610514248381
2026-06-10_12.56.17_ROI2_BL_dSERT_stage3,dSERT,9.0,late EtOH,1.0193892227004526,0.9918020588905995
2026-06-10_12.56.17_ROI2_BL_dSERT_stage3,dSERT,9.0,recovery,1.0160267280117765,0.9279482137305549
2026-06-10_12.56.17_ROI3_TR_dSERT_stage3,dSERT,10.0,baseline,0.9746210732858489,0.9666579350503285
2026-06-10_12.56.17_ROI3_TR_dSERT_stage3,dSERT,10.0,early EtOH,1.0400782409819387,1.0363810446607378
2026-06-10_12.56.17_ROI3_TR_dSERT_stage3,dSERT,10.0,late EtOH,1.0548220153979053,1.0165350811293428
2026-06-10_12.56.17_ROI3_TR_dSERT_stage3,dSERT,10.0,recovery,1.052352891882303,0.9483354650452982
2026-06-10_12.56.17_ROI4_BR_W1118_stage3,W1118,10.0,baseline,1.043066977195343,0.9343664800569608
2026-06-10_12.56.17_ROI4_BR_W1118_stage3,W1118,10.0,early EtOH,1.1632546362275291,1.0991823243005154
2026-06-10_12.56.17_ROI4_BR_W1118_stage3,W1118,10.0,late EtOH,1.048291984452015,0.9491741085365881
2026-06-10_12.56.17_ROI4_BR_W1118_stage3,W1118,10.0,recovery,0.9242725476459734,0.8077983173101625
2026-06-10_13.27.42_ROI1_TL_dSERT_stage3,dSERT,10.0,baseline,0.965571711439357,0.8809797834023332
2026-06-10_13.27.42_ROI1_TL_dSERT_stage3,dSERT,10.0,early EtOH,1.0302563123062414,1.035269169580761
2026-06-10_13.27.42_ROI1_TL_dSERT_stage3,dSERT,10.0,late EtOH,1.0775407300737208,1.0286517353984561
2026-06-10_13.27.42_ROI1_TL_dSERT_stage3,dSERT,10.0,recovery,1.0749838717447533,1.0679010306402172
2026-06-10_13.27.42_ROI2_BL_W1118_stage3,W1118,11.0,baseline,0.961454619120023,0.7978360615695969
2026-06-10_13.27.42_ROI2_BL_W1118_stage3,W1118,11.0,early EtOH,1.2387858742188604,1.145396121624382
2026-06-10_13.27.42_ROI2_BL_W1118_stage3,W1118,11.0,late EtOH,1.1543816369046442,1.12904443992563
2026-06-10_13.27.42_ROI2_BL_W1118_stage3,W1118,11.0,recovery,0.9385792127903336,1.0201040841933517
2026-06-10_13.27.42_ROI3_TR_W1118_stage3,W1118,10.0,baseline,1.0069821806332164,0.8993692073319272
2026-06-10_13.27.42_ROI3_TR_W1118_stage3,W1118,10.0,early EtOH,1.1637472961929731,1.042057143777206
2026-06-10_13.27.42_ROI3_TR_W1118_stage3,W1118,10.0,late EtOH,1.0260049886936167,1.0169570103909658
2026-06-10_13.27.42_ROI3_TR_W1118_stage3,W1118,10.0,recovery,0.9129729742511514,1.0275283169024685
2026-06-10_13.27.42_ROI4_BR_dSERT_stage3,dSERT,10.0,baseline,0.9927737490218254,0.8857023998400188
2026-06-10_13.27.42_ROI4_BR_dSERT_stage3,dSERT,10.0,early EtOH,1.0397679466401915,1.0134264113935252
2026-06-10_13.27.42_ROI4_BR_dSERT_stage3,dSERT,10.0,late EtOH,1.108566907842499,1.0226276472318243
2026-06-10_13.27.42_ROI4_BR_dSERT_stage3,dSERT,10.0,recovery,1.0120886792444106,1.0398976893298142
2026-06-18_13.12.28_ROI1_TL_dSERT_stage3,dSERT,10.0,baseline,0.9977788787765729,0.9923947993646641
2026-06-18_13.12.28_ROI1_TL_dSERT_stage3,dSERT,10.0,early EtOH,1.1038532182852676,1.0805660103397223
2026-06-18_13.12.28_ROI1_TL_dSERT_stage3,dSERT,10.0,late EtOH,1.0374649356704215,0.9938103894170418
2026-06-18_13.12.28_ROI1_TL_dSERT_stage3,dSERT,10.0,recovery,1.017200088601002,0.9800369476802456
2026-06-18_13.12.28_ROI2_BL_W1118_stage3,W1118,10.0,baseline,0.9881043039016365,0.8360939636145303
2026-06-18_13.12.28_ROI2_BL_W1118_stage3,W1118,10.0,early EtOH,1.2487668877012368,1.1612807334447912
2026-06-18_13.12.28_ROI2_BL_W1118_stage3,W1118,10.0,late EtOH,1.1463890071346898,1.0759343173839693
2026-06-18_13.12.28_ROI2_BL_W1118_stage3,W1118,10.0,recovery,0.9080525043518428,0.9179605077678992
2026-06-18_13.12.28_ROI3_TR_W1118_stage3,W1118,10.0,baseline,0.982859301976639,0.9392284696956187
2026-06-18_13.12.28_ROI3_TR_W1118_stage3,W1118,10.0,early EtOH,1.1091816556420027,1.0995750538848679
2026-06-18_13.12.28_ROI3_TR_W1118_stage3,W1118,10.0,late EtOH,1.089457370847654,1.0905843749866724
2026-06-18_13.12.28_ROI3_TR_W1118_stage3,W1118,10.0,recovery,1.0610583527298991,0.9629166242504957
2026-06-18_13.12.28_ROI4_BR_dSERT_stage3,dSERT,10.0,baseline,0.9900719749572671,0.9583999272207014
2026-06-18_13.12.28_ROI4_BR_dSERT_stage3,dSERT,10.0,early EtOH,1.0794749048713246,1.0800497596189118
2026-06-18_13.12.28_ROI4_BR_dSERT_stage3,dSERT,10.0,late EtOH,1.0772772677261575,1.0214836657785908
2026-06-18_13.12.28_ROI4_BR_dSERT_stage3,dSERT,10.0,recovery,1.072177398711092,1.0128639951137475
2026-06-18_13.43.17_ROI1_TL_W1118_stage3,W1118,10.0,baseline,0.7749797452566654,0.6634408113883011
2026-06-18_13.43.17_ROI1_TL_W1118_stage3,W1118,10.0,early EtOH,1.2314106240520453,1.2292522980951328
2026-06-18_13.43.17_ROI1_TL_W1118_stage3,W1118,10.0,late EtOH,1.169180534736038,1.102075058978533
2026-06-18_13.43.17_ROI1_TL_W1118_stage3,W1118,10.0,recovery,0.9239306234393747,0.8203052069755248
2026-06-18_13.43.17_ROI2_BL_dSERT_stage3,dSERT,10.0,baseline,0.8839269021340156,0.8499387208691924
2026-06-18_13.43.17_ROI2_BL_dSERT_stage3,dSERT,10.0,early EtOH,1.0718173355966019,1.128268686315443
2026-06-18_13.43.17_ROI2_BL_dSERT_stage3,dSERT,10.0,late EtOH,1.021633406570948,1.041285222892634
2026-06-18_13.43.17_ROI2_BL_dSERT_stage3,dSERT,10.0,recovery,0.9871889330775342,0.9125069860996902
2026-06-18_13.43.17_ROI3_TR_dSERT_stage3,dSERT,9.0,baseline,0.9538833212333659,0.9736232567332848
2026-06-18_13.43.17_ROI3_TR_dSERT_stage3,dSERT,9.0,early EtOH,1.0926630791840808,1.0618067185035023
2026-06-18_13.43.17_ROI3_TR_dSERT_stage3,dSERT,9.0,late EtOH,1.0530795395811634,0.9897785882274582
2026-06-18_13.43.17_ROI3_TR_dSERT_stage3,dSERT,9.0,recovery,1.1045383226109833,1.0061510056515088
2026-06-18_13.43.17_ROI4_BR_W1118_stage3,W1118,9.0,baseline,0.9253468801471293,0.7540088034049197
2026-06-18_13.43.17_ROI4_BR_W1118_stage3,W1118,9.0,early EtOH,1.1084148919467662,1.1294499163019371
2026-06-18_13.43.17_ROI4_BR_W1118_stage3,W1118,9.0,late EtOH,1.0619865719068113,1.0247223690887957
2026-06-18_13.43.17_ROI4_BR_W1118_stage3,W1118,9.0,recovery,0.9850992070632344,0.9265151502633527
2026-05-11_14.45.39_ROI1_TL_dSERT_stage3,dSERT,10.0,baseline,1.2019726657240948,0.9675743086294738
2026-05-11_14.45.39_ROI1_TL_dSERT_stage3,dSERT,10.0,early EtOH,1.0823193810201188,1.0667098024600166
2026-05-11_14.45.39_ROI1_TL_dSERT_stage3,dSERT,10.0,late EtOH,1.0721582338117568,1.0438930252979983
2026-05-11_14.45.39_ROI1_TL_dSERT_stage3,dSERT,10.0,recovery,1.0851867733532732,1.02760586590152
2026-05-11_14.45.39_ROI2_BL_W1118_stage3,W1118,10.0,baseline,0.79024688079208,0.7115366654166749
2026-05-11_14.45.39_ROI2_BL_W1118_stage3,W1118,10.0,early EtOH,1.1896020720229614,1.1546533940333004
2026-05-11_14.45.39_ROI2_BL_W1118_stage3,W1118,10.0,late EtOH,1.0782887778432384,1.0351393668072761
2026-05-11_14.45.39_ROI2_BL_W1118_stage3,W1118,10.0,recovery,1.1056761451791182,0.9943323863549364
2026-05-11_14.45.39_ROI3_TR_W1118_stage3,W1118,10.0,baseline,1.0048983830782072,0.8841047813290509
2026-05-11_14.45.39_ROI3_TR_W1118_stage3,W1118,10.0,early EtOH,1.2335587484411517,1.1336622529664433
2026-05-11_14.45.39_ROI3_TR_W1118_stage3,W1118,10.0,late EtOH,1.1623756196058648,1.0765723492177672
2026-05-11_14.45.39_ROI3_TR_W1118_stage3,W1118,10.0,recovery,1.0739143208938184,0.9617354499192153
2026-05-11_14.45.39_ROI4_BR_dSERT_stage3,dSERT,9.0,baseline,0.8573628876114235,0.8998940353731082
2026-05-11_14.45.39_ROI4_BR_dSERT_stage3,dSERT,9.0,early EtOH,1.0668524262039691,1.027470054674302
2026-05-11_14.45.39_ROI4_BR_dSERT_stage3,dSERT,9.0,late EtOH,1.0414160670500832,1.0111560971369615
2026-05-11_14.45.39_ROI4_BR_dSERT_stage3,dSERT,9.0,recovery,1.10939074637431,1.0484712502668054
2026-05-13_13.05.20_ROI1_TL_dSERT_stage3,dSERT,10.0,baseline,1.1378126561223343,1.1008172543075505
2026-05-13_13.05.20_ROI1_TL_dSERT_stage3,dSERT,10.0,early EtOH,1.1451633271962367,1.117286236198472
2026-05-13_13.05.20_ROI1_TL_dSERT_stage3,dSERT,10.0,late EtOH,0.9761186691742592,0.944167606186481
2026-05-13_13.05.20_ROI1_TL_dSERT_stage3,dSERT,10.0,recovery,1.0051789196269536,0.8807372692060836
2026-05-13_13.05.20_ROI2_BL_W1118_stage3,W1118,10.0,baseline,0.9504476125009559,0.8923469094190777
2026-05-13_13.05.20_ROI2_BL_W1118_stage3,W1118,10.0,early EtOH,1.0913195652073369,1.0991804100409204
2026-05-13_13.05.20_ROI2_BL_W1118_stage3,W1118,10.0,late EtOH,1.0533680154650915,1.0197591739979395
2026-05-13_13.05.20_ROI2_BL_W1118_stage3,W1118,10.0,recovery,0.9886821338206575,0.9474725230175302
2026-05-13_13.05.20_ROI3_TR_dSERT_stage3,dSERT,10.0,baseline,1.005752823215774,0.9848419047881767
2026-05-13_13.05.20_ROI3_TR_dSERT_stage3,dSERT,10.0,early EtOH,1.0643536116465355,1.0819867687983349
2026-05-13_13.05.20_ROI3_TR_dSERT_stage3,dSERT,10.0,late EtOH,1.0349478569673671,0.9930621829231021
2026-05-13_13.05.20_ROI3_TR_dSERT_stage3,dSERT,10.0,recovery,0.9870652116595454,0.9303606509793627
2026-05-13_13.05.20_ROI4_BR_W1118_stage3,W1118,10.0,baseline,0.9621863921706757,0.88604434679015
2026-05-13_13.05.20_ROI4_BR_W1118_stage3,W1118,10.0,early EtOH,1.1569411424819045,1.12579437503183
2026-05-13_13.05.20_ROI4_BR_W1118_stage3,W1118,10.0,late EtOH,1.0574223395005162,0.9968539874030229
2026-05-13_13.05.20_ROI4_BR_W1118_stage3,W1118,10.0,recovery,0.9300339763894798,1.0277951556172589
2026-05-13_13.36.00_ROI1_TL_W1118_stage3,W1118,9.0,baseline,1.0610930663818203,1.03565705726818
2026-05-13_13.36.00_ROI1_TL_W1118_stage3,W1118,9.0,early EtOH,1.1209406810946438,1.0635597752520507
2026-05-13_13.36.00_ROI1_TL_W1118_stage3,W1118,9.0,late EtOH,1.0441889786402097,0.9662690683938322
2026-05-13_13.36.00_ROI1_TL_W1118_stage3,W1118,9.0,recovery,0.98168220287238,0.9101153736291029
2026-05-13_13.36.00_ROI2_BL_dSERT_stage3,dSERT,9.0,baseline,0.8441979585917597,0.7739817430159747
2026-05-13_13.36.00_ROI2_BL_dSERT_stage3,dSERT,9.0,early EtOH,1.259558739464404,1.2299794542395885
2026-05-13_13.36.00_ROI2_BL_dSERT_stage3,dSERT,9.0,late EtOH,1.1477551711658207,0.9925044380995771
2026-05-13_13.36.00_ROI2_BL_dSERT_stage3,dSERT,9.0,recovery,0.9455840085421009,0.9053926763453615
2026-05-13_13.36.00_ROI3_TR_dSERT_stage3,dSERT,10.0,baseline,0.9456782597662521,0.7981517491021198
2026-05-13_13.36.00_ROI3_TR_dSERT_stage3,dSERT,10.0,early EtOH,1.1235584151873985,1.1415786949157178
2026-05-13_13.36.00_ROI3_TR_dSERT_stage3,dSERT,10.0,late EtOH,1.042114209114077,1.032665141929826
2026-05-13_13.36.00_ROI3_TR_dSERT_stage3,dSERT,10.0,recovery,1.103413003118676,1.002166488932649
2026-05-13_13.36.00_ROI4_BR_W1118_stage3,W1118,9.0,baseline,1.0428530383617458,0.9672940104557516
2026-05-13_13.36.00_ROI4_BR_W1118_stage3,W1118,9.0,early EtOH,1.0034467999285408,0.9986143247876811
2026-05-13_13.36.00_ROI4_BR_W1118_stage3,W1118,9.0,late EtOH,1.0678945724984603,1.0286942446497775
2026-05-13_13.36.00_ROI4_BR_W1118_stage3,W1118,9.0,recovery,1.0664580538202468,1.0427476996022766
2026-05-15_11.23.12_ROI1_TL_dSERT_stage3,dSERT,10.0,baseline,0.9117489231271165,0.9091423007000298
2026-05-15_11.23.12_ROI1_TL_dSERT_stage3,dSERT,10.0,early EtOH,1.064743305006224,1.0385476545128596
2026-05-15_11.23.12_ROI1_TL_dSERT_stage3,dSERT,10.0,late EtOH,1.046241291436987,1.0219269103742918
2026-05-15_11.23.12_ROI1_TL_dSERT_stage3,dSERT,10.0,recovery,0.9920855539927699,0.9551440993251971
2026-05-15_11.23.12_ROI2_BL_W1118_stage3,W1118,10.0,baseline,0.9788481672467568,0.9707696357653413
2026-05-15_11.23.12_ROI2_BL_W1118_stage3,W1118,10.0,early EtOH,1.1365387787719086,1.0698338312212634
2026-05-15_11.23.12_ROI2_BL_W1118_stage3,W1118,10.0,late EtOH,1.080764892191822,1.0687307362274576
2026-05-15_11.23.12_ROI2_BL_W1118_stage3,W1118,10.0,recovery,0.8766773351945274,0.7858465375438463
2026-05-15_11.23.12_ROI3_TR_W1118_stage3,W1118,9.0,baseline,0.9430520585388714,0.7790265441009627
2026-05-15_11.23.12_ROI3_TR_W1118_stage3,W1118,9.0,early EtOH,1.0589650497992562,1.0185139020818972
2026-05-15_11.23.12_ROI3_TR_W1118_stage3,W1118,9.0,late EtOH,1.1341176761086709,1.0636962010531896
2026-05-15_11.23.12_ROI3_TR_W1118_stage3,W1118,9.0,recovery,0.9718897795367759,1.0466335748858155
2026-05-15_11.23.12_ROI4_BR_dSERT_stage3,dSERT,9.0,baseline,0.8064871084598326,0.9587103633601934
2026-05-15_11.23.12_ROI4_BR_dSERT_stage3,dSERT,9.0,early EtOH,1.0592784915887028,1.0259859836229481
2026-05-15_11.23.12_ROI4_BR_dSERT_stage3,dSERT,9.0,late EtOH,1.0503964172925468,0.9960040311656748
2026-05-15_11.23.12_ROI4_BR_dSERT_stage3,dSERT,9.0,recovery,1.0160221401181613,0.9257107833672318
2026-05-15_11.53.51_ROI1_TL_W1118_stage3,W1118,10.0,baseline,0.8607612721345406,0.8596533700602551
2026-05-15_11.53.51_ROI1_TL_W1118_stage3,W1118,10.0,early EtOH,1.0888121850479733,1.0424850754604358
2026-05-15_11.53.51_ROI1_TL_W1118_stage3,W1118,10.0,late EtOH,1.0494462088000254,1.011074677658128
2026-05-15_11.53.51_ROI1_TL_W1118_stage3,W1118,10.0,recovery,1.1343033755884235,1.0885555344688171
2026-05-15_11.53.51_ROI2_BL_dSERT_stage3,dSERT,9.0,baseline,0.9799683981772911,0.9075810807996209
2026-05-15_11.53.51_ROI2_BL_dSERT_stage3,dSERT,9.0,early EtOH,1.0386651903353457,1.0690482382616888
2026-05-15_11.53.51_ROI2_BL_dSERT_stage3,dSERT,9.0,late EtOH,1.0692448466763373,1.0792044860452097
2026-05-15_11.53.51_ROI2_BL_dSERT_stage3,dSERT,9.0,recovery,1.050595191581148,0.9848740282757973
2026-05-15_11.53.51_ROI3_TR_W1118_stage3,W1118,10.0,baseline,0.9431462591428745,0.86180049535472
2026-05-15_11.53.51_ROI3_TR_W1118_stage3,W1118,10.0,early EtOH,1.0230228763266935,1.0652989190676612
2026-05-15_11.53.51_ROI3_TR_W1118_stage3,W1118,10.0,late EtOH,1.0692333940815495,1.0547935752696276
2026-05-15_11.53.51_ROI3_TR_W1118_stage3,W1118,10.0,recovery,1.0246486654075868,1.0433963504483221
2026-05-15_11.53.51_ROI4_BR_dSERT_stage3,dSERT,10.0,baseline,0.9125770075889693,0.8561375223109264
2026-05-15_11.53.51_ROI4_BR_dSERT_stage3,dSERT,10.0,early EtOH,1.0690381929181365,1.0450117536503536
2026-05-15_11.53.51_ROI4_BR_dSERT_stage3,dSERT,10.0,late EtOH,1.0833692256114933,1.0225183419702026
2026-05-15_11.53.51_ROI4_BR_dSERT_stage3,dSERT,10.0,recovery,1.1106438272714927,1.048296998833266
2026-06-18_14.13.52_ROI1_TL_dSERT_stage3,dSERT,9.0,baseline,0.9726666662123419,1.0620478400933921
2026-06-18_14.13.52_ROI1_TL_dSERT_stage3,dSERT,9.0,early EtOH,1.079962859319052,1.073069738749159
2026-06-18_14.13.52_ROI1_TL_dSERT_stage3,dSERT,9.0,late EtOH,1.0509897227434435,0.9762101588439226
2026-06-18_14.13.52_ROI1_TL_dSERT_stage3,dSERT,9.0,recovery,1.0059617343849065,0.9162526772169143
2026-06-18_14.13.52_ROI2_BL_W1118_stage3,W1118,9.0,baseline,0.8958676920730082,0.7992146348490906
2026-06-18_14.13.52_ROI2_BL_W1118_stage3,W1118,9.0,early EtOH,1.1706467744337452,1.1698180061469714
2026-06-18_14.13.52_ROI2_BL_W1118_stage3,W1118,9.0,late EtOH,1.0621981193371974,1.0091390096531387
2026-06-18_14.13.52_ROI2_BL_W1118_stage3,W1118,9.0,recovery,1.0006110737471692,1.0219606938799597
2026-06-18_14.13.52_ROI3_TR_W1118_stage3,W1118,10.0,baseline,0.9199203385949107,0.792635608563271
2026-06-18_14.13.52_ROI3_TR_W1118_stage3,W1118,10.0,early EtOH,1.1605769248602018,1.1699686242205267
2026-06-18_14.13.52_ROI3_TR_W1118_stage3,W1118,10.0,late EtOH,1.1666787154125018,1.0883078755893474
2026-06-18_14.13.52_ROI3_TR_W1118_stage3,W1118,10.0,recovery,0.9328435162783153,0.8541051164821805
2026-06-18_14.13.52_ROI4_BR_dSERT_stage3,dSERT,9.0,baseline,0.8747647801702161,0.9149006271610873
2026-06-18_14.13.52_ROI4_BR_dSERT_stage3,dSERT,9.0,early EtOH,1.044221230645559,1.0580382166177658
2026-06-18_14.13.52_ROI4_BR_dSERT_stage3,dSERT,9.0,late EtOH,1.0322093780622499,1.0104831936210479
2026-06-18_14.13.52_ROI4_BR_dSERT_stage3,dSERT,9.0,recovery,0.9662127016825136,0.9507490968971718
2026-06-18_14.44.35_ROI1_TL_W1118_stage3,W1118,10.0,baseline,0.9380905697126924,0.7590583773850773
2026-06-18_14.44.35_ROI1_TL_W1118_stage3,W1118,10.0,early EtOH,1.1731239694820619,1.1684530787291043
2026-06-18_14.44.35_ROI1_TL_W1118_stage3,W1118,10.0,late EtOH,1.0509819552836541,1.0544500970940005
2026-06-18_14.44.35_ROI1_TL_W1118_stage3,W1118,10.0,recovery,0.9550828283075612,0.9244282933055505
2026-06-18_14.44.35_ROI2_BL_dSERT_stage3,dSERT,10.0,baseline,0.8879528444646462,0.7632027265356522
2026-06-18_14.44.35_ROI2_BL_dSERT_stage3,dSERT,10.0,early EtOH,1.0783260472355305,1.1290007251430874
2026-06-18_14.44.35_ROI2_BL_dSERT_stage3,dSERT,10.0,late EtOH,1.0555318723905593,1.0868657254914045
2026-06-18_14.44.35_ROI2_BL_dSERT_stage3,dSERT,10.0,recovery,1.0468673984846373,1.0084006418881213
2026-06-18_14.44.35_ROI3_TR_W1118_stage3,W1118,10.0,baseline,0.9659753589469063,0.8434485416888035
2026-06-18_14.44.35_ROI3_TR_W1118_stage3,W1118,10.0,early EtOH,1.034975118851044,1.0229837869126552
2026-06-18_14.44.35_ROI3_TR_W1118_stage3,W1118,10.0,late EtOH,1.047576774219566,1.010941326870266
2026-06-18_14.44.35_ROI3_TR_W1118_stage3,W1118,10.0,recovery,1.0331906514548554,0.97923741256934
2026-06-18_14.44.35_ROI4_BR_dSERT_stage3,dSERT,10.0,baseline,0.935745598498653,0.8346660784965614
2026-06-18_14.44.35_ROI4_BR_dSERT_stage3,dSERT,10.0,early EtOH,1.1181439425953934,1.0808928055370957
2026-06-18_14.44.35_ROI4_BR_dSERT_stage3,dSERT,10.0,late EtOH,1.1309474289948973,1.0248779847470388
2026-06-18_14.44.35_ROI4_BR_dSERT_stage3,dSERT,10.0,recovery,1.114651282656429,1.0168670576017864
2026-06-11_09.22.39_ROI1_TL_dSERT_stage3,dSERT,10.0,baseline,1.0547844314877062,0.8987107163251684
2026-06-11_09.22.39_ROI1_TL_dSERT_stage3,dSERT,10.0,early EtOH,1.0720976146679455,1.0530613477773245
2026-06-11_09.22.39_ROI1_TL_dSERT_stage3,dSERT,10.0,late EtOH,1.0534569397639635,1.0558845411532953
2026-06-11_09.22.39_ROI1_TL_dSERT_stage3,dSERT,10.0,recovery,1.0447669225406986,1.0074575649980748
2026-06-11_09.22.39_ROI2_BL_W1118_stage3,W1118,10.0,baseline,0.9420341089818345,0.8473374537734278
2026-06-11_09.22.39_ROI2_BL_W1118_stage3,W1118,10.0,early EtOH,1.1141776079444174,1.0836054766641015
2026-06-11_09.22.39_ROI2_BL_W1118_stage3,W1118,10.0,late EtOH,1.105950426284789,1.0483453158858618
2026-06-11_09.22.39_ROI2_BL_W1118_stage3,W1118,10.0,recovery,1.0058491951656996,1.0412827446761643
2026-06-11_09.22.39_ROI3_TR_W1118_stage3,W1118,10.0,baseline,0.9268297648565815,0.9630400948345941
2026-06-11_09.22.39_ROI3_TR_W1118_stage3,W1118,10.0,early EtOH,1.131771921431198,1.1058287610688127
2026-06-11_09.22.39_ROI3_TR_W1118_stage3,W1118,10.0,late EtOH,1.1482532227397224,0.9903231687188109
2026-06-11_09.22.39_ROI3_TR_W1118_stage3,W1118,10.0,recovery,1.1196201003440847,0.926838110776426
2026-06-11_09.22.39_ROI4_BR_dSERT_stage3,dSERT,10.0,baseline,0.9007734807004145,0.8361567443430835
2026-06-11_09.22.39_ROI4_BR_dSERT_stage3,dSERT,10.0,early EtOH,1.0659624243921508,1.057780251221179
2026-06-11_09.22.39_ROI4_BR_dSERT_stage3,dSERT,10.0,late EtOH,1.0639610294927044,1.0181178898602516
2026-06-11_09.22.39_ROI4_BR_dSERT_stage3,dSERT,10.0,recovery,1.0513635886943125,1.005309112811688
2026-06-11_09.53.18_ROI1_TL_W1118_stage3,W1118,10.0,baseline,0.786607514003722,0.6950244427083389
2026-06-11_09.53.18_ROI1_TL_W1118_stage3,W1118,10.0,early EtOH,1.1555684346466257,1.1809565903797161
2026-06-11_09.53.18_ROI1_TL_W1118_stage3,W1118,10.0,late EtOH,1.132931390576412,1.0851067554183498
2026-06-11_09.53.18_ROI1_TL_W1118_stage3,W1118,10.0,recovery,1.0964672195545375,0.9355794488256067
2026-06-11_09.53.18_ROI2_BL_dSERT_stage3,dSERT,9.0,baseline,0.9572563279971539,0.970473656847117
2026-06-11_09.53.18_ROI2_BL_dSERT_stage3,dSERT,9.0,early EtOH,1.0466435118281998,1.0027706159132437
2026-06-11_09.53.18_ROI2_BL_dSERT_stage3,dSERT,9.0,late EtOH,1.0826439152096343,1.0202351604925852
2026-06-11_09.53.18_ROI2_BL_dSERT_stage3,dSERT,9.0,recovery,1.0851330546662095,1.0004311316256027
2026-06-11_09.53.18_ROI3_TR_dSERT_stage3,dSERT,9.0,baseline,1.0248579690974038,0.9713668171530224
2026-06-11_09.53.18_ROI3_TR_dSERT_stage3,dSERT,9.0,early EtOH,1.0196927051004192,1.0283752601272333
2026-06-11_09.53.18_ROI3_TR_dSERT_stage3,dSERT,9.0,late EtOH,1.065422872952399,0.9924682118571528
2026-06-11_09.53.18_ROI3_TR_dSERT_stage3,dSERT,9.0,recovery,1.0787647453261813,1.0244768014186458
2026-06-11_09.53.18_ROI4_BR_W1118_stage3,W1118,9.0,baseline,0.9153873485389377,1.032369496939118
2026-06-11_09.53.18_ROI4_BR_W1118_stage3,W1118,9.0,early EtOH,1.1417693347783573,1.036944736211617
2026-06-11_09.53.18_ROI4_BR_W1118_stage3,W1118,9.0,late EtOH,1.1812708625782091,1.063843664210661
2026-06-11_09.53.18_ROI4_BR_W1118_stage3,W1118,9.0,recovery,0.7212901575615556,0.7984360911246878
2026-06-12_09.22.11_ROI1_TL_W1118_stage3,W1118,10.0,baseline,1.1559403775626522,1.0399579179637128
2026-06-12_09.22.11_ROI1_TL_W1118_stage3,W1118,10.0,early EtOH,1.1411151808571343,1.09323739669689
2026-06-12_09.22.11_ROI1_TL_W1118_stage3,W1118,10.0,late EtOH,1.1729942775174302,1.0685913349021416
2026-06-12_09.22.11_ROI1_TL_W1118_stage3,W1118,10.0,recovery,0.8169900762797487,0.8787411036700667
2026-06-12_09.22.11_ROI2_BL_dSERT_stage3,dSERT,10.0,baseline,0.9678386299836983,0.9039600887546452
2026-06-12_09.22.11_ROI2_BL_dSERT_stage3,dSERT,10.0,early EtOH,1.0986610673181127,1.073847389057927
2026-06-12_09.22.11_ROI2_BL_dSERT_stage3,dSERT,10.0,late EtOH,1.05880227370349,1.0652126306463015
2026-06-12_09.22.11_ROI2_BL_dSERT_stage3,dSERT,10.0,recovery,0.9770975253724616,0.918453786178394
2026-06-12_09.22.11_ROI3_TR_dSERT_stage3,dSERT,10.0,baseline,1.0341781443342044,0.9584327509834042
2026-06-12_09.22.11_ROI3_TR_dSERT_stage3,dSERT,10.0,early EtOH,1.0384173869483961,1.042518113604308
2026-06-12_09.22.11_ROI3_TR_dSERT_stage3,dSERT,10.0,late EtOH,1.0251627781262727,1.0055394060532845
2026-06-12_09.22.11_ROI3_TR_dSERT_stage3,dSERT,10.0,recovery,1.0462045065203522,0.9616882280397402
2026-06-12_09.22.11_ROI4_BR_W1118_stage3,W1118,10.0,baseline,0.9849781890106438,0.8393728878926751
2026-06-12_09.22.11_ROI4_BR_W1118_stage3,W1118,10.0,early EtOH,1.1198987098701043,1.0750870390776506
2026-06-12_09.22.11_ROI4_BR_W1118_stage3,W1118,10.0,late EtOH,1.121401528950777,1.0592766881767348
2026-06-12_09.22.11_ROI4_BR_W1118_stage3,W1118,10.0,recovery,1.1209549510429266,1.038059587618393
2026-06-12_09.53.01_ROI1_TL_dSERT_stage3,dSERT,10.0,baseline,1.071492820294147,1.042112186797835
2026-06-12_09.53.01_ROI1_TL_dSERT_stage3,dSERT,10.0,early EtOH,1.0391760235129945,1.0081553567557828
2026-06-12_09.53.01_ROI1_TL_dSERT_stage3,dSERT,10.0,late EtOH,1.0673895939949223,0.9966891643265846
2026-06-12_09.53.01_ROI1_TL_dSERT_stage3,dSERT,10.0,recovery,1.075253547581517,1.003889699040934
2026-06-12_09.53.01_ROI2_BL_W1118_stage3,W1118,10.0,baseline,0.8549339972445271,0.7940279826852543
2026-06-12_09.53.01_ROI2_BL_W1118_stage3,W1118,10.0,early EtOH,1.1259026553211966,1.076148962730478
2026-06-12_09.53.01_ROI2_BL_W1118_stage3,W1118,10.0,late EtOH,1.099643274836341,1.0523252392543314
2026-06-12_09.53.01_ROI2_BL_W1118_stage3,W1118,10.0,recovery,1.1714038399451179,1.040492364029259
2026-06-12_09.53.01_ROI3_TR_W1118_stage3,W1118,10.0,baseline,0.9045691618203927,0.824532707239454
2026-06-12_09.53.01_ROI3_TR_W1118_stage3,W1118,10.0,early EtOH,1.1283512933166482,1.0412336277811578
2026-06-12_09.53.01_ROI3_TR_W1118_stage3,W1118,10.0,late EtOH,1.1592959045926816,1.0198580339729895
2026-06-12_09.53.01_ROI3_TR_W1118_stage3,W1118,10.0,recovery,1.1971755855933541,1.1061355172678748
2026-06-12_09.53.01_ROI4_BR_dSERT_stage3,dSERT,10.0,baseline,0.95447506856562,0.9610759627535282
2026-06-12_09.53.01_ROI4_BR_dSERT_stage3,dSERT,10.0,early EtOH,1.0099178998435503,1.0296773291885004
2026-06-12_09.53.01_ROI4_BR_dSERT_stage3,dSERT,10.0,late EtOH,1.0850551530002788,1.0315367790374215
2026-06-12_09.53.01_ROI4_BR_dSERT_stage3,dSERT,10.0,recovery,1.0747082659439207,0.9627296476074348
2026-06-17_12.27.22_ROI1_TL_dSERT_stage3,dSERT,10.0,baseline,0.8166869820361294,0.8497771865803753
2026-06-17_12.27.22_ROI1_TL_dSERT_stage3,dSERT,10.0,early EtOH,1.0434947820981777,1.0468870293883354
2026-06-17_12.27.22_ROI1_TL_dSERT_stage3,dSERT,10.0,late EtOH,1.0695059776565075,1.054854299211766
2026-06-17_12.27.22_ROI1_TL_dSERT_stage3,dSERT,10.0,recovery,1.0567806198498613,1.0525669113665983
2026-06-17_12.27.22_ROI2_BL_W1118_stage3,W1118,9.0,baseline,0.9055249492440139,0.8140634242226531
2026-06-17_12.27.22_ROI2_BL_W1118_stage3,W1118,9.0,early EtOH,1.1377992178967284,1.0948769662579734
2026-06-17_12.27.22_ROI2_BL_W1118_stage3,W1118,9.0,late EtOH,1.1425107298230721,1.1321790872004915
2026-06-17_12.27.22_ROI2_BL_W1118_stage3,W1118,9.0,recovery,0.9777076864290978,0.9945802174286973
2026-06-17_12.27.22_ROI3_TR_W1118_stage3,W1118,9.0,baseline,0.8936116537499122,0.9387138618640049
2026-06-17_12.27.22_ROI3_TR_W1118_stage3,W1118,9.0,early EtOH,1.0712733478144778,1.048647722815371
2026-06-17_12.27.22_ROI3_TR_W1118_stage3,W1118,9.0,late EtOH,1.0876338649383441,1.0554198575933669
2026-06-17_12.27.22_ROI3_TR_W1118_stage3,W1118,9.0,recovery,0.936082355629455,0.9416313459300927
2026-06-17_12.27.22_ROI4_BR_dSERT_stage3,dSERT,9.0,baseline,0.92712698743296,0.8631592603442672
2026-06-17_12.27.22_ROI4_BR_dSERT_stage3,dSERT,9.0,early EtOH,1.014706114940487,1.042101894711747
2026-06-17_12.27.22_ROI4_BR_dSERT_stage3,dSERT,9.0,late EtOH,0.9899784327795551,1.0663302517629538
2026-06-17_12.27.22_ROI4_BR_dSERT_stage3,dSERT,9.0,recovery,1.050776938430356,1.0181561744427514
2026-06-17_12.58.00_ROI1_TL_W1118_stage3,W1118,10.0,baseline,0.9102358718059269,0.8605691154272535
2026-06-17_12.58.00_ROI1_TL_W1118_stage3,W1118,10.0,early EtOH,1.120694124285219,1.0427714700037212
2026-06-17_12.58.00_ROI1_TL_W1118_stage3,W1118,10.0,late EtOH,1.1557748841596176,1.0151380717531489
2026-06-17_12.58.00_ROI1_TL_W1118_stage3,W1118,10.0,recovery,0.9674339090683638,0.9798967987067854
2026-06-17_12.58.00_ROI2_BL_dSERT_stage3,dSERT,10.0,baseline,0.9048042621591964,0.8437392158568741
2026-06-17_12.58.00_ROI2_BL_dSERT_stage3,dSERT,10.0,early EtOH,1.0091788268705033,1.0310478080529044
2026-06-17_12.58.00_ROI2_BL_dSERT_stage3,dSERT,10.0,late EtOH,1.0499691714408124,1.0622300403552827
2026-06-17_12.58.00_ROI2_BL_dSERT_stage3,dSERT,10.0,recovery,1.0145884075401024,1.000218981024638
2026-06-17_12.58.00_ROI3_TR_dSERT_stage3,dSERT,10.0,baseline,0.9165314387701511,0.8649794167912574
2026-06-17_12.58.00_ROI3_TR_dSERT_stage3,dSERT,10.0,early EtOH,1.0212243593828159,1.0096863353792978
2026-06-17_12.58.00_ROI3_TR_dSERT_stage3,dSERT,10.0,late EtOH,1.0521109764532548,1.0369365336276901
2026-06-17_12.58.00_ROI3_TR_dSERT_stage3,dSERT,10.0,recovery,1.0271533719491568,1.0311775076933518
2026-06-17_12.58.00_ROI4_BR_W1118_stage3,W1118,10.0,baseline,1.0682224967140868,0.928483684202714
2026-06-17_12.58.00_ROI4_BR_W1118_stage3,W1118,10.0,early EtOH,1.1746064660152702,1.032884996759901
2026-06-17_12.58.00_ROI4_BR_W1118_stage3,W1118,10.0,late EtOH,1.115038511450834,1.0615604215811252
2026-06-17_12.58.00_ROI4_BR_W1118_stage3,W1118,10.0,recovery,1.06955340749002,0.9541735728947242
2026-06-19_12.16.11_ROI1_TL_W1118_stage3,W1118,8.0,baseline,0.6584789038928197,0.5696767169663038
2026-06-19_12.16.11_ROI1_TL_W1118_stage3,W1118,8.0,early EtOH,1.169734146844501,1.1916411695483555
2026-06-19_12.16.11_ROI1_TL_W1118_stage3,W1118,8.0,late EtOH,1.240767458830675,1.1741358720635577
2026-06-19_12.16.11_ROI1_TL_W1118_stage3,W1118,8.0,recovery,0.7493719214066976,0.6722215959831271
2026-06-19_12.16.11_ROI2_BL_dSERT_stage3,dSERT,10.0,baseline,0.8711204400464215,0.9370216277018472
2026-06-19_12.16.11_ROI2_BL_dSERT_stage3,dSERT,10.0,early EtOH,1.019567424214772,1.0160897551672483
2026-06-19_12.16.11_ROI2_BL_dSERT_stage3,dSERT,10.0,late EtOH,1.0738505320990355,1.0493190399865593
2026-06-19_12.16.11_ROI2_BL_dSERT_stage3,dSERT,10.0,recovery,1.0656412985657309,1.0266240301004745
2026-06-19_12.16.11_ROI3_TR_dSERT_stage3,dSERT,10.0,baseline,0.9010565375840955,0.8896370173121761
2026-06-19_12.16.11_ROI3_TR_dSERT_stage3,dSERT,10.0,early EtOH,1.0335676349986045,1.023850488371989
2026-06-19_12.16.11_ROI3_TR_dSERT_stage3,dSERT,10.0,late EtOH,1.0044271727489824,1.0464689275087906
2026-06-19_12.16.11_ROI3_TR_dSERT_stage3,dSERT,10.0,recovery,1.004943681708492,1.0059569129639394
2026-06-19_12.16.11_ROI4_BR_W1118_stage3,W1118,9.0,baseline,0.8694537575655119,0.9329916486719072
2026-06-19_12.16.11_ROI4_BR_W1118_stage3,W1118,9.0,early EtOH,1.09158345243573,0.998339547400756
2026-06-19_12.16.11_ROI4_BR_W1118_stage3,W1118,9.0,late EtOH,1.0954527302388537,1.0199188602068163
2026-06-19_12.16.11_ROI4_BR_W1118_stage3,W1118,9.0,recovery,0.9529671760878516,1.0241684698239892
2026-06-19_12.48.06_ROI1_TL_dSERT_stage3,dSERT,10.0,baseline,0.9219259309764966,0.9455255936584482
2026-06-19_12.48.06_ROI1_TL_dSERT_stage3,dSERT,10.0,early EtOH,1.0543144316765185,1.0549080476622963
2026-06-19_12.48.06_ROI1_TL_dSERT_stage3,dSERT,10.0,late EtOH,1.0412099124125034,1.0248608447280823
2026-06-19_12.48.06_ROI1_TL_dSERT_stage3,dSERT,10.0,recovery,1.0489031899407428,0.9835831358421682
2026-06-19_12.48.06_ROI2_BL_W1118_stage3,W1118,9.0,baseline,0.9665677634238692,0.9508882584758568
2026-06-19_12.48.06_ROI2_BL_W1118_stage3,W1118,9.0,early EtOH,1.11143898503654,1.026421771546279
2026-06-19_12.48.06_ROI2_BL_W1118_stage3,W1118,9.0,late EtOH,1.150615863370092,1.080388557067994
2026-06-19_12.48.06_ROI2_BL_W1118_stage3,W1118,9.0,recovery,1.0394625976338974,0.8876443596835959
2026-06-19_12.48.06_ROI3_TR_W1118_stage3,W1118,9.0,baseline,0.9753528852475064,0.8788476939459748
2026-06-19_12.48.06_ROI3_TR_W1118_stage3,W1118,9.0,early EtOH,1.0901557695803015,1.045274312091827
2026-06-19_12.48.06_ROI3_TR_W1118_stage3,W1118,9.0,late EtOH,1.1098204620268388,1.0850405826486775
2026-06-19_12.48.06_ROI3_TR_W1118_stage3,W1118,9.0,recovery,0.9370939937708684,1.0174527664908202
2026-06-19_12.48.06_ROI4_BR_dSERT_stage3,dSERT,10.0,baseline,0.9719880806297401,0.9243928270958779
2026-06-19_12.48.06_ROI4_BR_dSERT_stage3,dSERT,10.0,early EtOH,1.024541357281747,1.0477204348006572
2026-06-19_12.48.06_ROI4_BR_dSERT_stage3,dSERT,10.0,late EtOH,1.0846212496218723,1.0368521292419037
2026-06-19_12.48.06_ROI4_BR_dSERT_stage3,dSERT,10.0,recovery,1.0310125982645437,0.9742623743876573
2026-06-01_10.28.37_ROI1_TL_dSERT_stage3,dSERT,10.0,baseline,1.0385756984368257,0.8874410846458375
2026-06-01_10.28.37_ROI1_TL_dSERT_stage3,dSERT,10.0,early EtOH,1.0795473672802112,1.064632324835342
2026-06-01_10.28.37_ROI1_TL_dSERT_stage3,dSERT,10.0,late EtOH,1.0694914366689634,1.0515433837944386
2026-06-01_10.28.37_ROI1_TL_dSERT_stage3,dSERT,10.0,recovery,1.0720374582704189,0.9906565737411734
2026-06-01_10.28.37_ROI2_BL_W1118_stage3,W1118,9.0,baseline,0.892213873448401,0.84072679837662
2026-06-01_10.28.37_ROI2_BL_W1118_stage3,W1118,9.0,early EtOH,1.0843212515280884,1.0602463610022095
2026-06-01_10.28.37_ROI2_BL_W1118_stage3,W1118,9.0,late EtOH,1.1645131842643124,1.0619168508754584
2026-06-01_10.28.37_ROI2_BL_W1118_stage3,W1118,9.0,recovery,1.1748507327642177,1.1272822370855249
2026-06-01_10.28.37_ROI3_TR_W1118_stage3,W1118,9.0,baseline,0.9681311206880437,0.891459925422081
2026-06-01_10.28.37_ROI3_TR_W1118_stage3,W1118,9.0,early EtOH,1.1043302096168683,1.1263366764192464
2026-06-01_10.28.37_ROI3_TR_W1118_stage3,W1118,9.0,late EtOH,1.0289959316672608,0.9944426058706806
2026-06-01_10.28.37_ROI3_TR_W1118_stage3,W1118,9.0,recovery,1.0108233816087375,0.9980670152637404
2026-06-01_10.28.37_ROI4_BR_dSERT_stage3,dSERT,10.0,baseline,0.8759134017362328,0.7688980312203206
2026-06-01_10.28.37_ROI4_BR_dSERT_stage3,dSERT,10.0,early EtOH,1.0700087250591486,1.0369186962429116
2026-06-01_10.28.37_ROI4_BR_dSERT_stage3,dSERT,10.0,late EtOH,1.0830662825245592,1.0610747099590947
2026-06-01_10.28.37_ROI4_BR_dSERT_stage3,dSERT,10.0,recovery,1.053222137657235,1.0433683493867587
2026-06-01_10.59.09_ROI1_TL_W1118_stage3,W1118,10.0,baseline,0.956370998420482,0.8493541403686728
2026-06-01_10.59.09_ROI1_TL_W1118_stage3,W1118,10.0,early EtOH,1.1467082918573983,1.0841680395912991
2026-06-01_10.59.09_ROI1_TL_W1118_stage3,W1118,10.0,late EtOH,1.0718543731726045,1.0010900493408914
2026-06-01_10.59.09_ROI1_TL_W1118_stage3,W1118,10.0,recovery,1.0594225932876074,1.0647531161630792
2026-06-01_10.59.09_ROI2_BL_dSERT_stage3,dSERT,10.0,baseline,1.0068808664644646,0.9554549328112708
2026-06-01_10.59.09_ROI2_BL_dSERT_stage3,dSERT,10.0,early EtOH,1.0895473863584002,1.0429806008346967
2026-06-01_10.59.09_ROI2_BL_dSERT_stage3,dSERT,10.0,late EtOH,1.049166556704786,1.0373357594165091
2026-06-01_10.59.09_ROI2_BL_dSERT_stage3,dSERT,10.0,recovery,1.070334113763062,1.0018198408689283
2026-06-01_10.59.09_ROI3_TR_dSERT_stage3,dSERT,10.0,baseline,0.8554173517535821,0.9156023715418777
2026-06-01_10.59.09_ROI3_TR_dSERT_stage3,dSERT,10.0,early EtOH,1.056980722719289,1.0087355806096863
2026-06-01_10.59.09_ROI3_TR_dSERT_stage3,dSERT,10.0,late EtOH,1.0904060479225692,1.0385461991158034
2026-06-01_10.59.09_ROI3_TR_dSERT_stage3,dSERT,10.0,recovery,1.0035722559925742,1.050613337712291
2026-06-01_10.59.09_ROI4_BR_W1118_stage3,W1118,10.0,baseline,1.01041397922002,0.8652688002613975
2026-06-01_10.59.09_ROI4_BR_W1118_stage3,W1118,10.0,early EtOH,1.08993808971181,1.0745511459450279
2026-06-01_10.59.09_ROI4_BR_W1118_stage3,W1118,10.0,late EtOH,1.090446096432176,1.0718959902328058
2026-06-01_10.59.09_ROI4_BR_W1118_stage3,W1118,10.0,recovery,1.0323164593240488,0.953409951874901
2026-06-03_08.59.38_ROI1_TL_dSERT_stage3,dSERT,9.0,baseline,0.9256428672813632,0.7760845285143464
2026-06-03_08.59.38_ROI1_TL_dSERT_stage3,dSERT,9.0,early EtOH,1.0707671042054685,1.104740433204479
2026-06-03_08.59.38_ROI1_TL_dSERT_stage3,dSERT,9.0,late EtOH,1.1619278255776935,1.0684997429731844
2026-06-03_08.59.38_ROI1_TL_dSERT_stage3,dSERT,9.0,recovery,1.0921628296427406,1.0534836325259793
2026-06-03_08.59.38_ROI2_BL_W1118_stage3,W1118,9.0,baseline,1.0228718669069028,0.9080678981365699
2026-06-03_08.59.38_ROI2_BL_W1118_stage3,W1118,9.0,early EtOH,1.030888078599058,1.0115648780885609
2026-06-03_08.59.38_ROI2_BL_W1118_stage3,W1118,9.0,late EtOH,1.0856190809108517,1.0428407441001624
2026-06-03_08.59.38_ROI2_BL_W1118_stage3,W1118,9.0,recovery,1.0355662404845198,1.0614618873314887
2026-06-03_08.59.38_ROI3_TR_dSERT_stage3,dSERT,10.0,baseline,1.1431142539130492,1.0096591575068243
2026-06-03_08.59.38_ROI3_TR_dSERT_stage3,dSERT,10.0,early EtOH,1.1424182110999745,1.0190254024876295
2026-06-03_08.59.38_ROI3_TR_dSERT_stage3,dSERT,10.0,late EtOH,1.1524554645103215,1.028620120851139
2026-06-03_08.59.38_ROI3_TR_dSERT_stage3,dSERT,10.0,recovery,1.1561006023915184,1.0446382432654782
2026-06-03_08.59.38_ROI4_BR_W1118_stage3,W1118,10.0,baseline,0.8206684763860645,0.7890394687306362
2026-06-03_08.59.38_ROI4_BR_W1118_stage3,W1118,10.0,early EtOH,1.1204184349067625,1.049684353607641
2026-06-03_08.59.38_ROI4_BR_W1118_stage3,W1118,10.0,late EtOH,1.2442971084353063,1.0961973853960585
2026-06-03_08.59.38_ROI4_BR_W1118_stage3,W1118,10.0,recovery,1.125794888546699,1.0076470364909482
2026-06-03_09.30.50_ROI1_TL_dSERT_stage3,dSERT,9.0,baseline,0.9881413587956703,0.9526958635308861
2026-06-03_09.30.50_ROI1_TL_dSERT_stage3,dSERT,9.0,early EtOH,0.9861422794612786,0.9748559163463066
2026-06-03_09.30.50_ROI1_TL_dSERT_stage3,dSERT,9.0,late EtOH,1.0480166346885187,1.0189002911306924
2026-06-03_09.30.50_ROI1_TL_dSERT_stage3,dSERT,9.0,recovery,1.0445498994400597,1.008352673180684
2026-06-03_09.30.50_ROI2_BL_W1118_stage3,W1118,9.0,baseline,0.6621783123779537,0.5449345127550608
2026-06-03_09.30.50_ROI2_BL_W1118_stage3,W1118,9.0,early EtOH,1.1272087401609736,1.1317253590061092
2026-06-03_09.30.50_ROI2_BL_W1118_stage3,W1118,9.0,late EtOH,1.174633779065364,1.085687394869861
2026-06-03_09.30.50_ROI2_BL_W1118_stage3,W1118,9.0,recovery,1.0335097613835602,0.9205929741249141
2026-06-03_09.30.50_ROI3_TR_W1118_stage3,W1118,10.0,baseline,0.9366343163918623,0.9394956973373683
2026-06-03_09.30.50_ROI3_TR_W1118_stage3,W1118,10.0,early EtOH,1.1940041854333845,1.1044738443071807
2026-06-03_09.30.50_ROI3_TR_W1118_stage3,W1118,10.0,late EtOH,1.2061040817759474,1.0218262779482121
2026-06-03_09.30.50_ROI3_TR_W1118_stage3,W1118,10.0,recovery,1.02773843458356,1.0012933711159433
2026-06-03_09.30.50_ROI4_BR_dSERT_stage3,dSERT,10.0,baseline,1.0229533851434665,0.9529841621969388
2026-06-03_09.30.50_ROI4_BR_dSERT_stage3,dSERT,10.0,early EtOH,1.0032027598768005,0.9983616962190638
2026-06-03_09.30.50_ROI4_BR_dSERT_stage3,dSERT,10.0,late EtOH,1.0626922646410144,1.0071345541138463
2026-06-03_09.30.50_ROI4_BR_dSERT_stage3,dSERT,10.0,recovery,1.0354894755062425,1.0084637294460093
2026-06-04_09.57.10_ROI1_TL_W1118_stage3,W1118,10.0,baseline,0.9171998267978132,0.973579303143615
2026-06-04_09.57.10_ROI1_TL_W1118_stage3,W1118,10.0,early EtOH,1.0665559438329695,0.9945314468115204
2026-06-04_09.57.10_ROI1_TL_W1118_stage3,W1118,10.0,late EtOH,1.0639223487450482,1.0039549915726602
2026-06-04_09.57.10_ROI1_TL_W1118_stage3,W1118,10.0,recovery,1.0153071947267196,1.042221895925956
2026-06-04_09.57.10_ROI2_BL_dSERT_stage3,dSERT,9.0,baseline,0.8122410993505204,0.6226622914717332
2026-06-04_09.57.10_ROI2_BL_dSERT_stage3,dSERT,9.0,early EtOH,1.0835092139496723,1.0539004056703487
2026-06-04_09.57.10_ROI2_BL_dSERT_stage3,dSERT,9.0,late EtOH,1.1478040205888258,1.0698296042515474
2026-06-04_09.57.10_ROI2_BL_dSERT_stage3,dSERT,9.0,recovery,1.2871553488483711,1.0660580688415828
2026-06-04_09.57.10_ROI3_TR_dSERT_stage3,dSERT,10.0,baseline,0.8730399600516602,0.6968061927292811
2026-06-04_09.57.10_ROI3_TR_dSERT_stage3,dSERT,10.0,early EtOH,1.158371556688742,1.0467511447668212
2026-06-04_09.57.10_ROI3_TR_dSERT_stage3,dSERT,10.0,late EtOH,1.1167708061408779,1.043937529766209
2026-06-04_09.57.10_ROI3_TR_dSERT_stage3,dSERT,10.0,recovery,1.019418682173373,1.1345619191515934
2026-06-04_09.57.10_ROI4_BR_W1118_stage3,W1118,9.0,baseline,0.9238931835212146,0.8502325636232129
2026-06-04_09.57.10_ROI4_BR_W1118_stage3,W1118,9.0,early EtOH,1.0334611012364878,1.055875369289684
2026-06-04_09.57.10_ROI4_BR_W1118_stage3,W1118,9.0,late EtOH,1.0001888463990198,1.0736365392512408
2026-06-04_09.57.10_ROI4_BR_W1118_stage3,W1118,9.0,recovery,0.9170613461071467,0.9531129711766708
2026-06-17_13.29.19_ROI1_TL_dSERT_stage3,dSERT,10.0,baseline,0.8505121051292206,0.8462586817539356
2026-06-17_13.29.19_ROI1_TL_dSERT_stage3,dSERT,10.0,early EtOH,1.0735433217142505,1.05859442276877
2026-06-17_13.29.19_ROI1_TL_dSERT_stage3,dSERT,10.0,late EtOH,1.0292057101256522,1.02480978699241
2026-06-17_13.29.19_ROI1_TL_dSERT_stage3,dSERT,10.0,recovery,1.003470061971108,1.0228463275992743
2026-06-17_13.29.19_ROI2_BL_W1118_stage3,W1118,10.0,baseline,0.8267985955827585,0.7577020047208123
2026-06-17_13.29.19_ROI2_BL_W1118_stage3,W1118,10.0,early EtOH,1.2433475159161893,1.1596420685907156
2026-06-17_13.29.19_ROI2_BL_W1118_stage3,W1118,10.0,late EtOH,1.1545929016827121,1.097161420856812
2026-06-17_13.29.19_ROI2_BL_W1118_stage3,W1118,10.0,recovery,0.7749652000206676,0.8276267316822522
2026-06-17_13.29.19_ROI3_TR_W1118_stage3,W1118,10.0,baseline,0.8827597961020223,0.8895074770476988
2026-06-17_13.29.19_ROI3_TR_W1118_stage3,W1118,10.0,early EtOH,1.1184649727020246,1.023460683213391
2026-06-17_13.29.19_ROI3_TR_W1118_stage3,W1118,10.0,late EtOH,1.1230026052779785,1.0544129170599135
2026-06-17_13.29.19_ROI3_TR_W1118_stage3,W1118,10.0,recovery,1.0889637718110232,1.0683374240292
2026-06-17_13.29.19_ROI4_BR_dSERT_stage3,dSERT,10.0,baseline,0.955918750377884,0.8900002248501364
2026-06-17_13.29.19_ROI4_BR_dSERT_stage3,dSERT,10.0,early EtOH,1.07470828800796,1.0401001857009784
2026-06-17_13.29.19_ROI4_BR_dSERT_stage3,dSERT,10.0,late EtOH,1.046792406324768,1.0298726510725313
2026-06-17_13.29.19_ROI4_BR_dSERT_stage3,dSERT,10.0,recovery,1.0203815877687925,0.9773685330002799
2026-06-17_14.00.08_ROI1_TL_W1118_stage3,W1118,10.0,baseline,0.7608236546516332,0.8365535718723514
2026-06-17_14.00.08_ROI1_TL_W1118_stage3,W1118,10.0,early EtOH,1.1086656799626706,1.0848283941072043
2026-06-17_14.00.08_ROI1_TL_W1118_stage3,W1118,10.0,late EtOH,1.1607686030884252,1.0715314533346694
2026-06-17_14.00.08_ROI1_TL_W1118_stage3,W1118,10.0,recovery,0.946335505657747,0.9713595852761491
2026-06-17_14.00.08_ROI2_BL_dSERT_stage3,dSERT,10.0,baseline,0.9193223742589303,0.8813229589648663
2026-06-17_14.00.08_ROI2_BL_dSERT_stage3,dSERT,10.0,early EtOH,1.0266270599869864,1.026448245165138
2026-06-17_14.00.08_ROI2_BL_dSERT_stage3,dSERT,10.0,late EtOH,1.0494466510007627,1.0445434082110536
2026-06-17_14.00.08_ROI2_BL_dSERT_stage3,dSERT,10.0,recovery,1.0403778744623868,1.0099181388606955
2026-06-17_14.00.08_ROI3_TR_dSERT_stage3,dSERT,10.0,baseline,0.9262106760065518,0.9156252110220486
2026-06-17_14.00.08_ROI3_TR_dSERT_stage3,dSERT,10.0,early EtOH,1.028820655741506,1.0146032881822022
2026-06-17_14.00.08_ROI3_TR_dSERT_stage3,dSERT,10.0,late EtOH,1.022663581689564,1.036617663963355
2026-06-17_14.00.08_ROI3_TR_dSERT_stage3,dSERT,10.0,recovery,1.046206967012001,1.0128988376444115
2026-06-17_14.00.08_ROI4_BR_W1118_stage3,W1118,10.0,baseline,0.8293319687677208,0.7116737427841489
2026-06-17_14.00.08_ROI4_BR_W1118_stage3,W1118,10.0,early EtOH,1.1229777023975922,1.1444191359346925
2026-06-17_14.00.08_ROI4_BR_W1118_stage3,W1118,10.0,late EtOH,1.107553816599305,1.0788349652843798
2026-06-17_14.00.08_ROI4_BR_W1118_stage3,W1118,10.0,recovery,1.0885881679690546,0.975287358119424
2026-06-19_13.19.08_ROI1_TL_W1118_stage3,W1118,10.0,baseline,0.8647929113357484,0.8011110103236643
2026-06-19_13.19.08_ROI1_TL_W1118_stage3,W1118,10.0,early EtOH,1.1347933839423903,1.1001579440008422
2026-06-19_13.19.08_ROI1_TL_W1118_stage3,W1118,10.0,late EtOH,1.131947002254116,1.0853373318338542
2026-06-19_13.19.08_ROI1_TL_W1118_stage3,W1118,10.0,recovery,1.0155775238992069,0.9883741207179186
2026-06-19_13.19.08_ROI2_BL_dSERT_stage3,dSERT,10.0,baseline,0.9447971690582384,0.9081670230799908
2026-06-19_13.19.08_ROI2_BL_dSERT_stage3,dSERT,10.0,early EtOH,1.024952904710663,0.9831868494197796
2026-06-19_13.19.08_ROI2_BL_dSERT_stage3,dSERT,10.0,late EtOH,1.0839978283187215,1.0407109007818818
2026-06-19_13.19.08_ROI2_BL_dSERT_stage3,dSERT,10.0,recovery,1.0362723961488427,1.049872817055054
2026-06-19_13.19.08_ROI3_TR_dSERT_stage3,dSERT,10.0,baseline,0.8305813411976892,0.8306469370041691
2026-06-19_13.19.08_ROI3_TR_dSERT_stage3,dSERT,10.0,early EtOH,1.0506200198619595,1.048980026883893
2026-06-19_13.19.08_ROI3_TR_dSERT_stage3,dSERT,10.0,late EtOH,1.0434275342376482,1.032307397163884
2026-06-19_13.19.08_ROI3_TR_dSERT_stage3,dSERT,10.0,recovery,1.1045179192366685,1.055671641285147
2026-06-19_13.19.08_ROI4_BR_W1118_stage3,W1118,10.0,baseline,0.6492558594323521,0.7839931389913645
2026-06-19_13.19.08_ROI4_BR_W1118_stage3,W1118,10.0,early EtOH,1.0900170710137813,1.0458671872816567
2026-06-19_13.19.08_ROI4_BR_W1118_stage3,W1118,10.0,late EtOH,1.1284816567554066,1.0520186340038975
2026-06-19_13.19.08_ROI4_BR_W1118_stage3,W1118,10.0,recovery,1.0675950786113886,0.9944951254235946
2026-06-19_13.49.47_ROI1_TL_dSERT_stage3,dSERT,10.0,baseline,0.9070520565773782,0.7652733614603247
2026-06-19_13.49.47_ROI1_TL_dSERT_stage3,dSERT,10.0,early EtOH,1.0490233817659136,1.0823334191059524
2026-06-19_13.49.47_ROI1_TL_dSERT_stage3,dSERT,10.0,late EtOH,1.0569191008280274,1.0564109958412804
2026-06-19_13.49.47_ROI1_TL_dSERT_stage3,dSERT,10.0,recovery,1.0830663772598732,1.04827250849576
2026-06-19_13.49.47_ROI2_BL_W1118_stage3,W1118,9.0,baseline,0.8225369877405918,0.7072102672489781
2026-06-19_13.49.47_ROI2_BL_W1118_stage3,W1118,9.0,early EtOH,1.1341410106325045,1.1072299839903985
2026-06-19_13.49.47_ROI2_BL_W1118_stage3,W1118,9.0,late EtOH,1.1739535258428955,1.1257150279597874
2026-06-19_13.49.47_ROI2_BL_W1118_stage3,W1118,9.0,recovery,0.8314299328145152,0.96007483298186
2026-06-19_13.49.47_ROI3_TR_W1118_stage3,W1118,9.0,baseline,0.9690855459301077,0.9207811985692059
2026-06-19_13.49.47_ROI3_TR_W1118_stage3,W1118,9.0,early EtOH,1.0493267984402905,1.0206667089531452
2026-06-19_13.49.47_ROI3_TR_W1118_stage3,W1118,9.0,late EtOH,1.1507201732794785,1.0413396211722763
2026-06-19_13.49.47_ROI3_TR_W1118_stage3,W1118,9.0,recovery,1.0309099465553182,1.0423992556040642
2026-06-19_13.49.47_ROI4_BR_dSERT_stage3,dSERT,9.0,baseline,0.9192541023340967,0.8876690729646161
2026-06-19_13.49.47_ROI4_BR_dSERT_stage3,dSERT,9.0,early EtOH,1.0392928038860276,1.0081359279674644
2026-06-19_13.49.47_ROI4_BR_dSERT_stage3,dSERT,9.0,late EtOH,1.0219044444827816,1.0589567604347232
2026-06-19_13.49.47_ROI4_BR_dSERT_stage3,dSERT,9.0,recovery,1.068000659004442,1.0376132232592965
