dish,dose,genotype,phase,n_obs,pct_center,pct_middle,pct_outer,count_center,count_middle,count_outer
2026-06-01_09.57.44_ROI1_TL_W1118,80:35,W1118,baseline,96000,10.119791666666666,24.385416666666668,65.49479166666666,9715,23410,62875
2026-06-01_09.57.44_ROI1_TL_W1118,80:35,W1118,early EtOH,91042,8.950813910063488,20.189582829902683,70.85960326003384,8149,18381,64512
2026-06-01_09.57.44_ROI1_TL_W1118,80:35,W1118,late EtOH,91115,10.50430774296219,22.738297755583602,66.7573945014542,9571,20718,60826
2026-06-01_09.57.44_ROI1_TL_W1118,80:35,W1118,recovery,87680,12.083713503649635,27.22969890510949,60.68658759124088,10595,23875,53210
2026-06-01_09.57.44_ROI2_BL_dSERT,80:35,dSERT,baseline,90117,14.467858450680781,26.412330636838778,59.11981091248044,13038,23802,53277
2026-06-01_09.57.44_ROI2_BL_dSERT,80:35,dSERT,early EtOH,90487,6.544586515190027,16.562600152508093,76.89281333230188,5922,14987,69578
2026-06-01_09.57.44_ROI2_BL_dSERT,80:35,dSERT,late EtOH,90552,4.544350207615514,27.435064935064936,68.02058485731955,4115,24843,61594
2026-06-01_09.57.44_ROI2_BL_dSERT,80:35,dSERT,recovery,87822,7.298854501150053,40.13345175468561,52.56769374416434,6410,35246,46166
2026-06-01_09.57.44_ROI3_TR_dSERT,80:35,dSERT,baseline,89591,18.87354756616178,12.448795079862933,68.67765735397529,16909,11153,61529
2026-06-01_09.57.44_ROI3_TR_dSERT,80:35,dSERT,early EtOH,89430,6.647657385664766,14.30839762943084,79.04394498490439,5945,12796,70689
2026-06-01_09.57.44_ROI3_TR_dSERT,80:35,dSERT,late EtOH,89312,6.696748477248297,14.584826227158723,78.71842529559298,5981,13026,70305
2026-06-01_09.57.44_ROI3_TR_dSERT,80:35,dSERT,recovery,87346,7.767957319167448,18.85260916355643,73.37943351727611,6785,16467,64094
2026-06-01_09.57.44_ROI4_BR_W1118,80:35,W1118,baseline,89551,19.895925226965637,27.90923607776574,52.19483869526862,17817,24993,46741
2026-06-01_09.57.44_ROI4_BR_W1118,80:35,W1118,early EtOH,89363,7.993241050546647,17.451294159775298,74.55546478967806,7143,15595,66625
2026-06-01_09.57.44_ROI4_BR_W1118,80:35,W1118,late EtOH,88804,4.812846268186117,18.261564794378632,76.92558893743525,4274,16217,68313
2026-06-01_09.57.44_ROI4_BR_W1118,80:35,W1118,recovery,87555,0.8931528753355034,20.898863571469363,78.20798355319513,782,18298,68475
2026-06-03_10.01.39_ROI1_TL_W1118,80:35,W1118,baseline,99218,11.878892942812797,52.59025580035881,35.5308512568284,11786,52179,35253
2026-06-03_10.01.39_ROI1_TL_W1118,80:35,W1118,early EtOH,98100,7.056065239551478,18.745158002038735,74.19877675840979,6922,18389,72789
2026-06-03_10.01.39_ROI1_TL_W1118,80:35,W1118,late EtOH,98689,6.0867979207409135,16.83267638743933,77.08052569181976,6007,16612,76070
2026-06-03_10.01.39_ROI1_TL_W1118,80:35,W1118,recovery,95959,9.172667493408643,0.5940036890755427,90.23332881751581,8802,570,86587
2026-06-03_10.01.39_ROI2_BL_dSERT,80:35,dSERT,baseline,90441,5.1879125617806086,20.22644597030108,74.58564146791831,4692,18293,67456
2026-06-03_10.01.39_ROI2_BL_dSERT,80:35,dSERT,early EtOH,91218,5.871648139621566,14.0257405336666,80.10261132671184,5356,12794,73068
2026-06-03_10.01.39_ROI2_BL_dSERT,80:35,dSERT,late EtOH,90332,5.837355532922995,15.288048532081655,78.87459593499536,5273,13810,71249
2026-06-03_10.01.39_ROI2_BL_dSERT,80:35,dSERT,recovery,89114,8.657450007855108,20.326772448773482,71.01577754337141,7715,18114,63285
2026-06-03_10.01.39_ROI3_TR_dSERT,80:35,dSERT,baseline,89285,12.000896007168057,22.982583860670886,65.01652013216106,10715,20520,58050
2026-06-03_10.01.39_ROI3_TR_dSERT,80:35,dSERT,early EtOH,89337,7.801918577968816,16.118741394942745,76.07934002708843,6970,14400,67967
2026-06-03_10.01.39_ROI3_TR_dSERT,80:35,dSERT,late EtOH,89521,6.8162777448866745,17.089844840875326,76.093877414238,6102,15299,68120
2026-06-03_10.01.39_ROI3_TR_dSERT,80:35,dSERT,recovery,87660,15.25325119780972,17.3534109057723,67.39333789641798,13371,15212,59077
2026-06-03_10.01.39_ROI4_BR_W1118,80:35,W1118,baseline,89913,3.7625259973529968,24.273464348870576,71.96400965377643,3383,21825,64705
2026-06-03_10.01.39_ROI4_BR_W1118,80:35,W1118,early EtOH,89200,10.86322869955157,20.204035874439462,68.93273542600897,9690,18022,61488
2026-06-03_10.01.39_ROI4_BR_W1118,80:35,W1118,late EtOH,89074,3.121000516424546,14.874149583492377,82.00484990008307,2780,13249,73045
2026-06-03_10.01.39_ROI4_BR_W1118,80:35,W1118,recovery,87613,0.34583908780660405,11.953705500325293,87.7004554118681,303,10473,76837
2026-06-04_08.55.54_ROI1_TL_dSERT,80:35,dSERT,baseline,89251,8.472734199056593,19.73087136278585,71.79639443815755,7562,17610,64079
2026-06-04_08.55.54_ROI1_TL_dSERT,80:35,dSERT,early EtOH,89332,5.899341781220615,15.928222809295661,78.17243540948373,5270,14229,69833
2026-06-04_08.55.54_ROI1_TL_dSERT,80:35,dSERT,late EtOH,89548,6.794121588421851,19.088086836110243,74.1177915754679,6084,17093,66371
2026-06-04_08.55.54_ROI1_TL_dSERT,80:35,dSERT,recovery,87465,9.551249071056994,20.30069170525353,70.14805922368947,8354,17756,61355
2026-06-04_08.55.54_ROI2_BL_W1118,80:35,W1118,baseline,80812,6.960599910904321,48.5460080186111,44.49339207048458,5625,39231,35956
2026-06-04_08.55.54_ROI2_BL_W1118,80:35,W1118,early EtOH,80643,8.728593926317226,19.504482720136902,71.76692335354588,7039,15729,57875
2026-06-04_08.55.54_ROI2_BL_W1118,80:35,W1118,late EtOH,80541,2.2547522379905884,25.26042636669522,72.48482139531419,1816,20345,58380
2026-06-04_08.55.54_ROI2_BL_W1118,80:35,W1118,recovery,79111,0.03412926141750199,31.283892252657658,68.68197848592484,27,24749,54335
2026-06-04_08.55.54_ROI3_TR_W1118,80:35,W1118,baseline,89304,7.143017110095852,45.23313625369524,47.6238466362089,6379,40395,42530
2026-06-04_08.55.54_ROI3_TR_W1118,80:35,W1118,early EtOH,89457,10.168013682551393,20.101277708843355,69.73070860860525,9096,17982,62379
2026-06-04_08.55.54_ROI3_TR_W1118,80:35,W1118,late EtOH,89756,7.615089799010651,18.588172378448238,73.79673782254112,6835,16684,66237
2026-06-04_08.55.54_ROI3_TR_W1118,80:35,W1118,recovery,87455,23.123892287462123,16.967583328568978,59.908524383968896,20223,14839,52393
2026-06-04_08.55.54_ROI4_BR_dSERT,80:35,dSERT,baseline,89439,9.61437404264359,17.793132749695324,72.5924932076611,8599,15914,64926
2026-06-04_08.55.54_ROI4_BR_dSERT,80:35,dSERT,early EtOH,90181,6.13322096672248,16.847229460751155,77.01954957252637,5531,15193,69457
2026-06-04_08.55.54_ROI4_BR_dSERT,80:35,dSERT,late EtOH,91009,5.555494511531826,17.287301255919743,77.15720423254842,5056,15733,70220
2026-06-04_08.55.54_ROI4_BR_dSERT,80:35,dSERT,recovery,88359,5.316945642209622,20.7528378546611,73.93021650312927,4698,18337,65324
2026-06-04_09.26.26_ROI1_TL_W1118,80:35,W1118,baseline,89108,14.580060151725997,26.233334829644928,59.18660501862908,12992,23376,52740
2026-06-04_09.26.26_ROI1_TL_W1118,80:35,W1118,early EtOH,89475,8.238055322715843,16.25481978206203,75.50712489522213,7371,14544,67560
2026-06-04_09.26.26_ROI1_TL_W1118,80:35,W1118,late EtOH,89755,22.940226171243943,17.340538131580413,59.71923569717564,20590,15564,53601
2026-06-04_09.26.26_ROI1_TL_W1118,80:35,W1118,recovery,88118,29.82478040808915,10.266914818765747,59.908304773145105,26281,9047,52790
2026-06-04_09.26.26_ROI2_BL_dSERT,80:35,dSERT,baseline,88280,10.562981422745809,27.97689170820118,61.46012686905301,9325,24698,54257
2026-06-04_09.26.26_ROI2_BL_dSERT,80:35,dSERT,early EtOH,89240,6.027566113850291,14.655983863738234,79.31645002241147,5379,13079,70782
2026-06-04_09.26.26_ROI2_BL_dSERT,80:35,dSERT,late EtOH,89542,6.455071363159188,17.563824797301823,75.98110383953899,5780,15727,68035
2026-06-04_09.26.26_ROI2_BL_dSERT,80:35,dSERT,recovery,87177,5.667779345469562,18.37640662101242,75.95581403351801,4941,16020,66216
2026-06-04_09.26.26_ROI3_TR_dSERT,80:35,dSERT,baseline,80370,13.651860146820955,23.018539255941274,63.32960059723778,10972,18500,50898
2026-06-04_09.26.26_ROI3_TR_dSERT,80:35,dSERT,early EtOH,80258,4.637543920855242,12.797478133021006,82.56497794612375,3722,10271,66265
2026-06-04_09.26.26_ROI3_TR_dSERT,80:35,dSERT,late EtOH,80530,5.981621755867379,14.135104929839812,79.88327331429281,4817,11383,64330
2026-06-04_09.26.26_ROI3_TR_dSERT,80:35,dSERT,recovery,78525,5.683540273798154,14.241324418974848,80.075135307227,4463,11183,62879
2026-06-04_09.26.26_ROI4_BR_W1118,80:35,W1118,baseline,79916,16.758846789128583,32.95960758796737,50.28154562290405,13393,26340,40183
2026-06-04_09.26.26_ROI4_BR_W1118,80:35,W1118,early EtOH,80239,7.05891150188811,16.712571193559242,76.22851730455264,5664,13410,61165
2026-06-04_09.26.26_ROI4_BR_W1118,80:35,W1118,late EtOH,80537,3.97581235953661,17.752089101903472,78.27209853855992,3202,14297,63038
2026-06-04_09.26.26_ROI4_BR_W1118,80:35,W1118,recovery,78866,1.1082088605989906,17.591864681865445,81.29992645753556,874,13874,64118
2026-06-10_12.56.17_ROI1_TL_W1118,80:35,W1118,baseline,88026,4.824710880876105,26.734146729375414,68.44114238974849,4247,23533,60246
2026-06-10_12.56.17_ROI1_TL_W1118,80:35,W1118,early EtOH,89420,8.70722433460076,20.998658018340414,70.29411764705881,7786,18777,62857
2026-06-10_12.56.17_ROI1_TL_W1118,80:35,W1118,late EtOH,89818,14.08514996993921,33.22941949275201,52.685430537308775,12651,29846,47321
2026-06-10_12.56.17_ROI1_TL_W1118,80:35,W1118,recovery,87494,10.058975472603835,55.99241090817656,33.9486136192196,8801,48990,29703
2026-06-10_12.56.17_ROI2_BL_dSERT,80:35,dSERT,baseline,80644,16.44511680968206,26.79802589157284,56.7568572987451,13262,21611,45771
2026-06-10_12.56.17_ROI2_BL_dSERT,80:35,dSERT,early EtOH,80402,6.571975821496978,15.701101962637745,77.72692221586527,5284,12624,62494
2026-06-10_12.56.17_ROI2_BL_dSERT,80:35,dSERT,late EtOH,80474,6.933916544473992,18.208365434798818,74.85771802072719,5580,14653,60241
2026-06-10_12.56.17_ROI2_BL_dSERT,80:35,dSERT,recovery,78526,10.30232025061763,18.18378626187505,71.51389348750732,8090,14279,56157
2026-06-10_12.56.17_ROI3_TR_dSERT,80:35,dSERT,baseline,89347,4.899996642304722,22.349939001869117,72.75006435582615,4378,19969,65000
2026-06-10_12.56.17_ROI3_TR_dSERT,80:35,dSERT,early EtOH,89474,5.6999798824239445,14.66459530142835,79.6354248161477,5100,13121,71253
2026-06-10_12.56.17_ROI3_TR_dSERT,80:35,dSERT,late EtOH,89230,6.20531211475961,16.334192536142552,77.46049534909784,5537,14575,69118
2026-06-10_12.56.17_ROI3_TR_dSERT,80:35,dSERT,recovery,87565,7.782789927482442,19.220007994061554,72.997202078456,6815,16830,63920
2026-06-10_12.56.17_ROI4_BR_W1118,80:35,W1118,baseline,89668,10.658205825935674,22.587768211625107,66.75402596243923,9557,20254,59857
2026-06-10_12.56.17_ROI4_BR_W1118,80:35,W1118,early EtOH,89302,7.108463416272872,13.362522675863922,79.52901390786322,6348,11933,71021
2026-06-10_12.56.17_ROI4_BR_W1118,80:35,W1118,late EtOH,88669,6.798317337513675,13.063190066426825,80.1384925960595,6028,11583,71058
2026-06-10_12.56.17_ROI4_BR_W1118,80:35,W1118,recovery,87955,5.58353703598431,15.759195042919675,78.65726792109602,4911,13861,69183
2026-06-10_13.27.42_ROI1_TL_dSERT,80:35,dSERT,baseline,89811,17.29075503000746,28.48537484272528,54.22387012726726,15529,25583,48699
2026-06-10_13.27.42_ROI1_TL_dSERT,80:35,dSERT,early EtOH,89102,9.529527956723754,13.54290588314516,76.9275661601311,8491,12067,68544
2026-06-10_13.27.42_ROI1_TL_dSERT,80:35,dSERT,late EtOH,89370,8.511804856215733,15.040841445675282,76.44735369810898,7607,13442,68321
2026-06-10_13.27.42_ROI1_TL_dSERT,80:35,dSERT,recovery,86885,6.68584911089371,11.738504920296943,81.57564596880934,5809,10199,70877
2026-06-10_13.27.42_ROI2_BL_W1118,80:35,W1118,baseline,97675,29.96570258510366,39.16252879447146,30.871768620424877,29269,38252,30154
2026-06-10_13.27.42_ROI2_BL_W1118,80:35,W1118,early EtOH,95043,9.510432120198226,18.959839230664016,71.52972864913775,9039,18020,67984
2026-06-10_13.27.42_ROI2_BL_W1118,80:35,W1118,late EtOH,94958,18.04271362075865,9.373617809979148,72.5836685692622,17133,8901,68924
2026-06-10_13.27.42_ROI2_BL_W1118,80:35,W1118,recovery,93767,18.772062665969905,20.071027120415497,61.1569102136146,17602,18820,57345
2026-06-10_13.27.42_ROI3_TR_W1118,80:35,W1118,baseline,93433,3.286847259533569,34.629092504789526,62.084060235676894,3071,32355,58007
2026-06-10_13.27.42_ROI3_TR_W1118,80:35,W1118,early EtOH,92370,13.3950416801992,46.51726751109668,40.087690808704124,12373,42968,37029
2026-06-10_13.27.42_ROI3_TR_W1118,80:35,W1118,late EtOH,93305,12.555597234874874,37.944375971277,49.500026793848136,11715,35404,46186
2026-06-10_13.27.42_ROI3_TR_W1118,80:35,W1118,recovery,89401,3.1766982472231855,35.818391293162264,61.00491045961455,2840,32022,54539
2026-06-10_13.27.42_ROI4_BR_dSERT,80:35,dSERT,baseline,87490,7.317407703737571,25.200594353640415,67.48199794262202,6402,22048,59040
2026-06-10_13.27.42_ROI4_BR_dSERT,80:35,dSERT,early EtOH,89291,6.513534398763593,15.505482075461133,77.98098352577527,5816,13845,69630
2026-06-10_13.27.42_ROI4_BR_dSERT,80:35,dSERT,late EtOH,89348,7.873707301786275,15.021041321574069,77.10525137663966,7035,13421,68892
2026-06-10_13.27.42_ROI4_BR_dSERT,80:35,dSERT,recovery,86393,5.110367738126931,11.624784415404026,83.26484784646905,4415,10043,71935
2026-06-18_13.12.28_ROI1_TL_dSERT,80:35,dSERT,baseline,88065,15.169477090785216,25.24953159598024,59.58099131323454,13359,22236,52470
2026-06-18_13.12.28_ROI1_TL_dSERT,80:35,dSERT,early EtOH,89575,8.155177225788446,16.472229974881383,75.37259279933018,7305,14755,67515
2026-06-18_13.12.28_ROI1_TL_dSERT,80:35,dSERT,late EtOH,89644,6.892820489937977,25.093703984650396,68.01347552541162,6179,22495,60970
2026-06-18_13.12.28_ROI1_TL_dSERT,80:35,dSERT,recovery,87508,8.386661790921973,32.36389815788271,59.24944005119532,7339,28321,51848
2026-06-18_13.12.28_ROI2_BL_W1118,80:35,W1118,baseline,89720,12.420864913062863,25.780205082478822,61.79893000445832,11144,23130,55446
2026-06-18_13.12.28_ROI2_BL_W1118,80:35,W1118,early EtOH,91714,11.220751466515472,19.040713522472032,69.73853501101249,10291,17463,63960
2026-06-18_13.12.28_ROI2_BL_W1118,80:35,W1118,late EtOH,90083,7.655162461285703,17.847984636390883,74.49685290232341,6896,16078,67109
2026-06-18_13.12.28_ROI2_BL_W1118,80:35,W1118,recovery,87748,8.980261658385375,18.512102839950767,72.50763550166386,7880,16244,63624
2026-06-18_13.12.28_ROI3_TR_W1118,80:35,W1118,baseline,89833,33.01682009951799,15.223804169959815,51.759375730522194,29660,13676,46497
2026-06-18_13.12.28_ROI3_TR_W1118,80:35,W1118,early EtOH,89791,6.78130324865521,18.413872214364467,74.80482453698032,6089,16534,67168
2026-06-18_13.12.28_ROI3_TR_W1118,80:35,W1118,late EtOH,89721,4.725760970118478,15.393274707147715,79.8809643227338,4240,13811,71670
2026-06-18_13.12.28_ROI3_TR_W1118,80:35,W1118,recovery,88105,7.1187787299245215,30.02213268259463,62.85908858748085,6272,26451,55382
2026-06-18_13.12.28_ROI4_BR_dSERT,80:35,dSERT,baseline,89219,13.685425750120489,26.185005436061825,60.12956881381768,12210,23362,53647
2026-06-18_13.12.28_ROI4_BR_dSERT,80:35,dSERT,early EtOH,89332,6.237406528455649,16.45323064523351,77.30936282631085,5572,14698,69062
2026-06-18_13.12.28_ROI4_BR_dSERT,80:35,dSERT,late EtOH,89617,7.935994286798263,24.4350960197284,67.62890969347333,7112,21898,60607
2026-06-18_13.12.28_ROI4_BR_dSERT,80:35,dSERT,recovery,87525,8.36675235646958,30.184518708940306,61.448728934590115,7323,26419,53783
2026-06-18_13.43.17_ROI1_TL_W1118,80:35,W1118,baseline,89655,6.168088784786124,12.593831911215215,81.23807930399866,5530,11291,72834
2026-06-18_13.43.17_ROI1_TL_W1118,80:35,W1118,early EtOH,89649,7.215919865252261,17.005209204787562,75.77887092996018,6469,15245,67935
2026-06-18_13.43.17_ROI1_TL_W1118,80:35,W1118,late EtOH,89677,7.795755879433969,18.99818236560099,73.20606175496505,6991,17037,65649
2026-06-18_13.43.17_ROI1_TL_W1118,80:35,W1118,recovery,85614,1.781250730020791,34.89966594248604,63.31908332749316,1525,29879,54210
2026-06-18_13.43.17_ROI2_BL_dSERT,80:35,dSERT,baseline,88523,27.850389164397953,23.530607864622755,48.61900297097929,24654,20830,43039
2026-06-18_13.43.17_ROI2_BL_dSERT,80:35,dSERT,early EtOH,89285,6.148849190793526,14.591476731813854,79.25967407739262,5490,13028,70767
2026-06-18_13.43.17_ROI2_BL_dSERT,80:35,dSERT,late EtOH,89225,6.212384421406556,17.228355281591483,76.55926029700197,5543,15372,68310
2026-06-18_13.43.17_ROI2_BL_dSERT,80:35,dSERT,recovery,86955,8.0731412799724,24.454027945489045,67.47283077453855,7020,21264,58671
2026-06-18_13.43.17_ROI3_TR_dSERT,80:35,dSERT,baseline,83078,15.617853101904233,16.193216013866486,68.18893088422928,12975,13453,56650
2026-06-18_13.43.17_ROI3_TR_dSERT,80:35,dSERT,early EtOH,80337,6.0557401944309595,14.998070627481733,78.94618917808731,4865,12049,63423
2026-06-18_13.43.17_ROI3_TR_dSERT,80:35,dSERT,late EtOH,80504,5.9500149060916225,18.47734274073338,75.572642353175,4790,14875,60839
2026-06-18_13.43.17_ROI3_TR_dSERT,80:35,dSERT,recovery,78908,3.3849546307091805,17.349318193339077,79.26572717595174,2671,13690,62547
2026-06-18_13.43.17_ROI4_BR_W1118,80:35,W1118,baseline,79874,22.6832260810777,47.741442772366476,29.57533114655583,18118,38133,23623
2026-06-18_13.43.17_ROI4_BR_W1118,80:35,W1118,early EtOH,80415,6.077224398433128,17.172169371385934,76.75060623018094,4887,13809,61719
2026-06-18_13.43.17_ROI4_BR_W1118,80:35,W1118,late EtOH,80404,7.198646833490871,16.23551067111089,76.56584249539824,5788,13054,61562
2026-06-18_13.43.17_ROI4_BR_W1118,80:35,W1118,recovery,78473,2.8850687497610643,14.3463356823366,82.76859556790234,2264,11258,64951
2026-05-11_14.45.39_ROI1_TL_dSERT,70:45,dSERT,baseline,89922,7.413091345833054,28.288961544449638,64.29794710971731,6666,25438,57818
2026-05-11_14.45.39_ROI1_TL_dSERT,70:45,dSERT,early EtOH,89298,7.292436560729245,13.825617595018924,78.88194584425183,6512,12346,70440
2026-05-11_14.45.39_ROI1_TL_dSERT,70:45,dSERT,late EtOH,89163,5.8645402240839815,13.312696970716553,80.82276280519946,5229,11870,72064
2026-05-11_14.45.39_ROI1_TL_dSERT,70:45,dSERT,recovery,87277,7.264227688852733,19.433527733538046,73.30224457760922,6340,16961,63976
2026-05-11_14.45.39_ROI2_BL_W1118,70:45,W1118,baseline,89505,10.358080554158985,49.33579129657561,40.306128149265405,9271,44158,36076
2026-05-11_14.45.39_ROI2_BL_W1118,70:45,W1118,early EtOH,90273,19.02562227908677,37.83080212245079,43.14357559846244,17175,34151,38947
2026-05-11_14.45.39_ROI2_BL_W1118,70:45,W1118,late EtOH,90341,12.912188264464639,43.05575541559203,44.03205631994332,11665,38897,39779
2026-05-11_14.45.39_ROI2_BL_W1118,70:45,W1118,recovery,88561,17.095561251566714,34.24306410270887,48.661374645724415,15140,30326,43095
2026-05-11_14.45.39_ROI3_TR_W1118,70:45,W1118,baseline,89831,34.663980140486025,32.078013158041216,33.258006701472766,31139,28816,29876
2026-05-11_14.45.39_ROI3_TR_W1118,70:45,W1118,early EtOH,89516,9.781491576924797,21.10907547254122,69.10943295053397,8756,18896,61864
2026-05-11_14.45.39_ROI3_TR_W1118,70:45,W1118,late EtOH,89442,9.156771986315155,18.908342836698644,71.93488517698621,8190,16912,64340
2026-05-11_14.45.39_ROI3_TR_W1118,70:45,W1118,recovery,87478,12.281945174786804,21.62715196963808,66.09090285557512,10744,18919,57815
2026-05-11_14.45.39_ROI4_BR_dSERT,70:45,dSERT,baseline,79470,19.909399773499434,38.635963256574804,41.45463696992576,15822,30704,32944
2026-05-11_14.45.39_ROI4_BR_dSERT,70:45,dSERT,early EtOH,82684,10.172463838227468,41.83517972038121,47.99235644139132,8411,34591,39682
2026-05-11_14.45.39_ROI4_BR_dSERT,70:45,dSERT,late EtOH,81084,12.584480292042821,45.68102214986927,41.73449755808791,10204,37040,33840
2026-05-11_14.45.39_ROI4_BR_dSERT,70:45,dSERT,recovery,78942,13.422512730865698,42.877048972663474,43.70043829647083,10596,33848,34498
2026-05-13_13.05.20_ROI1_TL_dSERT,70:45,dSERT,baseline,89665,12.507667428762618,23.335749735125187,64.1565828361122,11215,20924,57526
2026-05-13_13.05.20_ROI1_TL_dSERT,70:45,dSERT,early EtOH,89496,9.31885223920622,18.55501921873603,72.12612854205774,8340,16606,64550
2026-05-13_13.05.20_ROI1_TL_dSERT,70:45,dSERT,late EtOH,89425,8.182275649986021,22.687168017892088,69.1305563321219,7317,20288,61820
2026-05-13_13.05.20_ROI1_TL_dSERT,70:45,dSERT,recovery,87224,13.015913051453728,28.609098413280748,58.37498853526553,11353,24954,50917
2026-05-13_13.05.20_ROI2_BL_W1118,70:45,W1118,baseline,89738,25.83409480933384,18.95072321647463,55.21518197419154,23183,17006,49549
2026-05-13_13.05.20_ROI2_BL_W1118,70:45,W1118,early EtOH,89354,8.184300646865278,14.646238556751795,77.16946079638292,7313,13087,68954
2026-05-13_13.05.20_ROI2_BL_W1118,70:45,W1118,late EtOH,89318,7.785664703643162,16.02700463512394,76.1873306612329,6954,14315,68049
2026-05-13_13.05.20_ROI2_BL_W1118,70:45,W1118,recovery,86675,7.546582059417364,17.89558696279204,74.5578309777906,6541,15511,64623
2026-05-13_13.05.20_ROI3_TR_dSERT,70:45,dSERT,baseline,89331,14.357837704716166,21.358766833462067,64.28339546182177,12826,19080,57425
2026-05-13_13.05.20_ROI3_TR_dSERT,70:45,dSERT,early EtOH,89531,7.279043013034592,15.685069975762586,77.03588701120282,6517,14043,68971
2026-05-13_13.05.20_ROI3_TR_dSERT,70:45,dSERT,late EtOH,89625,7.615062761506277,19.214504881450488,73.17043235704324,6825,17221,65579
2026-05-13_13.05.20_ROI3_TR_dSERT,70:45,dSERT,recovery,87581,8.222102967538621,21.174684006805126,70.60321302565626,7201,18545,61835
2026-05-13_13.05.20_ROI4_BR_W1118,70:45,W1118,baseline,90087,47.888152563632936,51.156104654389644,0.9557427819774218,43141,46085,861
2026-05-13_13.05.20_ROI4_BR_W1118,70:45,W1118,early EtOH,89588,20.644505960619725,77.39094521587712,1.9645488235031476,18495,69333,1760
2026-05-13_13.05.20_ROI4_BR_W1118,70:45,W1118,late EtOH,89616,30.928628816282806,66.60640956971969,2.4649616139975,27717,59690,2209
2026-05-13_13.05.20_ROI4_BR_W1118,70:45,W1118,recovery,87409,19.74053015135741,77.44282625358944,2.816643595053141,17255,67692,2462
2026-05-13_13.36.00_ROI1_TL_W1118,70:45,W1118,baseline,80555,5.670659797653777,16.971013593197195,77.35832660914903,4568,13671,62316
2026-05-13_13.36.00_ROI1_TL_W1118,70:45,W1118,early EtOH,80522,8.027619780929436,16.138446635702046,75.83393358336852,6464,12995,61063
2026-05-13_13.36.00_ROI1_TL_W1118,70:45,W1118,late EtOH,80650,8.008679479231246,19.1692498450093,72.82207067575945,6459,15460,58731
2026-05-13_13.36.00_ROI1_TL_W1118,70:45,W1118,recovery,78908,7.5885841739747555,20.20707659552897,72.20433923049627,5988,15945,56975
2026-05-13_13.36.00_ROI2_BL_dSERT,70:45,dSERT,baseline,80394,5.726795532004876,27.90133592059109,66.37186854740403,4604,22431,53359
2026-05-13_13.36.00_ROI2_BL_dSERT,70:45,dSERT,early EtOH,80801,10.330317694087944,27.141990816945334,62.52769148896672,8347,21931,50523
2026-05-13_13.36.00_ROI2_BL_dSERT,70:45,dSERT,late EtOH,80771,15.472137276992981,18.068366121504006,66.459496601503,12497,14594,53680
2026-05-13_13.36.00_ROI2_BL_dSERT,70:45,dSERT,recovery,78938,13.548607768121817,35.08449669360764,51.36689553827054,10695,27695,40548
2026-05-13_13.36.00_ROI3_TR_dSERT,70:45,dSERT,baseline,89850,24.075681691708404,40.316082359488036,35.60823594880356,21632,36224,31994
2026-05-13_13.36.00_ROI3_TR_dSERT,70:45,dSERT,early EtOH,89500,7.401117318435754,18.90055865921788,73.69832402234637,6624,16916,65960
2026-05-13_13.36.00_ROI3_TR_dSERT,70:45,dSERT,late EtOH,89841,9.766142407141505,23.4514308611881,66.7824267316704,8774,21069,59998
2026-05-13_13.36.00_ROI3_TR_dSERT,70:45,dSERT,recovery,87815,15.25707453168593,11.674543073506804,73.06838239480726,13398,10252,64165
2026-05-13_13.36.00_ROI4_BR_W1118,70:45,W1118,baseline,80720,9.935579781962339,21.879335976214072,68.18508424182359,8020,17661,55039
2026-05-13_13.36.00_ROI4_BR_W1118,70:45,W1118,early EtOH,80428,6.203063609688169,14.892823394837617,78.90411299547422,4989,11978,63461
2026-05-13_13.36.00_ROI4_BR_W1118,70:45,W1118,late EtOH,80629,7.23188927060983,14.487343263590024,78.28076746580015,5831,11681,63117
2026-05-13_13.36.00_ROI4_BR_W1118,70:45,W1118,recovery,78323,6.2497606067183336,15.119441287999694,78.63079810528197,4895,11842,61586
2026-05-15_11.23.12_ROI1_TL_dSERT,70:45,dSERT,baseline,88993,11.807670266200713,19.87347319452092,68.31885653927837,10508,17686,60799
2026-05-15_11.23.12_ROI1_TL_dSERT,70:45,dSERT,early EtOH,89281,7.24230239356638,14.689575609592186,78.06812199684143,6466,13115,69700
2026-05-15_11.23.12_ROI1_TL_dSERT,70:45,dSERT,late EtOH,89208,6.788628822527127,15.264326069410817,77.94704510806206,6056,13617,69535
2026-05-15_11.23.12_ROI1_TL_dSERT,70:45,dSERT,recovery,87273,7.749246616937655,16.874634766766352,75.376118616296,6763,14727,65783
2026-05-15_11.23.12_ROI2_BL_W1118,70:45,W1118,baseline,90455,23.251340445525397,13.998120612459234,62.75053894201537,21032,12662,56761
2026-05-15_11.23.12_ROI2_BL_W1118,70:45,W1118,early EtOH,94011,13.306953441618536,22.05380221463446,64.63924434374701,12510,20733,60768
2026-05-15_11.23.12_ROI2_BL_W1118,70:45,W1118,late EtOH,93792,11.232301262367793,21.807830092118728,66.95986864551348,10535,20454,62803
2026-05-15_11.23.12_ROI2_BL_W1118,70:45,W1118,recovery,89706,9.791987158049627,24.311640247029185,65.89637259492119,8784,21809,59113
2026-05-15_11.23.12_ROI3_TR_W1118,70:45,W1118,baseline,80729,17.62439767617585,34.79914281113354,47.576459512690604,14228,28093,38408
2026-05-15_11.23.12_ROI3_TR_W1118,70:45,W1118,early EtOH,80360,10.144350423096068,21.6052762568442,68.25037332005974,8152,17362,54846
2026-05-15_11.23.12_ROI3_TR_W1118,70:45,W1118,late EtOH,80564,8.646541879747778,20.396206742465615,70.9572513777866,6966,16432,57166
2026-05-15_11.23.12_ROI3_TR_W1118,70:45,W1118,recovery,78781,4.644520887015905,16.114291516990136,79.24118759599395,3659,12695,62427
2026-05-15_11.23.12_ROI4_BR_dSERT,70:45,dSERT,baseline,78848,1.7007406655844155,13.210227272727273,85.08903206168831,1341,10416,67091
2026-05-15_11.23.12_ROI4_BR_dSERT,70:45,dSERT,early EtOH,80327,7.201812591034148,16.238624621858154,76.5595627871077,5785,13044,61498
2026-05-15_11.23.12_ROI4_BR_dSERT,70:45,dSERT,late EtOH,80291,6.57607951077954,16.25586927551033,77.16805121371013,5280,13052,61959
2026-05-15_11.23.12_ROI4_BR_dSERT,70:45,dSERT,recovery,78266,7.7722127105000895,17.521018066593413,74.7067692229065,6083,13713,58470
2026-05-15_11.53.51_ROI1_TL_W1118,70:45,W1118,baseline,89557,25.986801701709528,32.085710776377056,41.92748752191342,23273,28735,37549
2026-05-15_11.53.51_ROI1_TL_W1118,70:45,W1118,early EtOH,89497,8.074013654088965,24.481267528520508,67.44471881739052,7226,21910,60361
2026-05-15_11.53.51_ROI1_TL_W1118,70:45,W1118,late EtOH,89643,10.964604040471649,23.424026415894158,65.6113695436342,9829,20998,58816
2026-05-15_11.53.51_ROI1_TL_W1118,70:45,W1118,recovery,87085,7.62473445484297,11.566859964402596,80.80840558075444,6640,10073,70372
2026-05-15_11.53.51_ROI2_BL_dSERT,70:45,dSERT,baseline,81079,21.099174878821888,32.21426016601093,46.68656495516718,17107,26119,37853
2026-05-15_11.53.51_ROI2_BL_dSERT,70:45,dSERT,early EtOH,80968,7.238662187530877,15.588874617132694,77.17246319533643,5861,12622,62485
2026-05-15_11.53.51_ROI2_BL_dSERT,70:45,dSERT,late EtOH,80977,7.111895970460748,16.9146794768885,75.97342455265076,5759,13697,61521
2026-05-15_11.53.51_ROI2_BL_dSERT,70:45,dSERT,recovery,79115,10.386146748404222,19.60563736333186,70.00821588826392,8217,15511,55387
2026-05-15_11.53.51_ROI3_TR_W1118,70:45,W1118,baseline,88720,30.624436429215507,24.615644724977457,44.759918845807036,27170,21839,39711
2026-05-15_11.53.51_ROI3_TR_W1118,70:45,W1118,early EtOH,89402,5.106149750564865,16.79045211516521,78.10339813426992,4565,15011,69826
2026-05-15_11.53.51_ROI3_TR_W1118,70:45,W1118,late EtOH,89370,6.596173212487412,16.11502741412107,77.28879937339151,5895,14402,69073
2026-05-15_11.53.51_ROI3_TR_W1118,70:45,W1118,recovery,87312,7.719442917353858,17.062946673996702,75.21761040864943,6740,14898,65674
2026-05-15_11.53.51_ROI4_BR_dSERT,70:45,dSERT,baseline,89246,20.930910068798603,35.329314479080296,43.7397754521211,18680,31530,39036
2026-05-15_11.53.51_ROI4_BR_dSERT,70:45,dSERT,early EtOH,89546,14.401536640385949,32.04721595604494,53.551247403569114,12896,28697,47953
2026-05-15_11.53.51_ROI4_BR_dSERT,70:45,dSERT,late EtOH,89556,16.3238643976953,34.06248604225289,49.61364956005181,14619,30505,44432
2026-05-15_11.53.51_ROI4_BR_dSERT,70:45,dSERT,recovery,88023,11.027799552389716,25.232041625484246,63.740158822126034,9707,22210,56106
2026-06-18_14.13.52_ROI1_TL_dSERT,70:45,dSERT,baseline,80526,3.217594317363336,19.747659141146958,77.03474654148971,2591,15902,62033
2026-06-18_14.13.52_ROI1_TL_dSERT,70:45,dSERT,early EtOH,80535,7.235363506549946,16.28484509840442,76.47979139504564,5827,13115,61593
2026-06-18_14.13.52_ROI1_TL_dSERT,70:45,dSERT,late EtOH,80855,9.738420629521984,21.64615670026591,68.61542267021211,7874,17502,55479
2026-06-18_14.13.52_ROI1_TL_dSERT,70:45,dSERT,recovery,78685,8.654762661244202,23.56865984622228,67.77657749253352,6810,18545,53330
2026-06-18_14.13.52_ROI2_BL_W1118,70:45,W1118,baseline,81125,20.685362095531588,47.54144838212635,31.773189522342065,16781,38568,25776
2026-06-18_14.13.52_ROI2_BL_W1118,70:45,W1118,early EtOH,81768,10.527345660894238,39.033607279131196,50.43904705997456,8608,31917,41243
2026-06-18_14.13.52_ROI2_BL_W1118,70:45,W1118,late EtOH,82545,9.465140226543097,46.27415349203465,44.26070628142225,7813,38197,36535
2026-06-18_14.13.52_ROI2_BL_W1118,70:45,W1118,recovery,80425,3.378302766552689,42.1498290332608,54.47186820018651,2717,33899,43809
2026-06-18_14.13.52_ROI3_TR_W1118,70:45,W1118,baseline,90804,33.5877274128893,40.253733315712964,26.158539271397736,30499,36552,23753
2026-06-18_14.13.52_ROI3_TR_W1118,70:45,W1118,early EtOH,91791,9.799435674521467,19.998692682289114,70.20187164318942,8995,18357,64439
2026-06-18_14.13.52_ROI3_TR_W1118,70:45,W1118,late EtOH,94274,9.54239769183444,22.614930945966012,67.84267136219955,8996,21320,63958
2026-06-18_14.13.52_ROI3_TR_W1118,70:45,W1118,recovery,88445,7.533495392616881,25.204364294194132,67.262140313189,6663,22292,59490
2026-06-18_14.13.52_ROI4_BR_dSERT,70:45,dSERT,baseline,80052,17.431169739669215,53.68885224604008,28.879978014290714,13954,42979,23119
2026-06-18_14.13.52_ROI4_BR_dSERT,70:45,dSERT,early EtOH,81410,8.426483233018056,26.876305122220856,64.69721164476108,6860,21880,52670
2026-06-18_14.13.52_ROI4_BR_dSERT,70:45,dSERT,late EtOH,81352,12.293490018684237,32.5585111613728,55.14799881994297,10001,26487,44864
2026-06-18_14.13.52_ROI4_BR_dSERT,70:45,dSERT,recovery,79203,11.931366236127419,40.09444086713887,47.97419289673371,9450,31756,37997
2026-06-18_14.44.35_ROI1_TL_W1118,70:45,W1118,baseline,89436,21.432085513663402,21.91958495460441,56.64832953173219,19168,19604,50664
2026-06-18_14.44.35_ROI1_TL_W1118,70:45,W1118,early EtOH,90621,10.730404652343276,20.901336334845126,68.3682590128116,9724,18941,61956
2026-06-18_14.44.35_ROI1_TL_W1118,70:45,W1118,late EtOH,90071,6.236191448968036,18.122370130230596,75.64143842080136,5617,16323,68131
2026-06-18_14.44.35_ROI1_TL_W1118,70:45,W1118,recovery,87931,10.138631426914285,18.57479159795749,71.28657697512823,8915,16333,62683
2026-06-18_14.44.35_ROI2_BL_dSERT,70:45,dSERT,baseline,89459,29.170905107367624,43.8659050514761,26.963189841156282,26096,39242,24121
2026-06-18_14.44.35_ROI2_BL_dSERT,70:45,dSERT,early EtOH,90151,7.947776508302737,16.968197801466427,75.08402569023083,7165,15297,67689
2026-06-18_14.44.35_ROI2_BL_dSERT,70:45,dSERT,late EtOH,90017,8.882766588533277,20.048435295555283,71.06879811591143,7996,18047,63974
2026-06-18_14.44.35_ROI2_BL_dSERT,70:45,dSERT,recovery,88658,11.00408310586749,23.753073608698593,65.24284328543392,9756,21059,57843
2026-06-18_14.44.35_ROI3_TR_W1118,70:45,W1118,baseline,88691,21.57152360442435,21.281753503737697,57.14672289183795,19132,18875,50684
2026-06-18_14.44.35_ROI3_TR_W1118,70:45,W1118,early EtOH,89417,8.359707885525124,15.191742062471342,76.44855005200354,7475,13584,68358
2026-06-18_14.44.35_ROI3_TR_W1118,70:45,W1118,late EtOH,89351,6.052534386856331,14.231513917023872,79.7159516961198,5408,12716,71227
2026-06-18_14.44.35_ROI3_TR_W1118,70:45,W1118,recovery,87480,6.868998628257887,15.820759030635573,77.31024234110654,6009,13840,67631
2026-06-18_14.44.35_ROI4_BR_dSERT,70:45,dSERT,baseline,90312,2.169146957214988,29.573035698467535,68.25781734431747,1959,26708,61645
2026-06-18_14.44.35_ROI4_BR_dSERT,70:45,dSERT,early EtOH,90065,8.815855215677566,16.729029034586134,74.4551157497363,7940,15067,67058
2026-06-18_14.44.35_ROI4_BR_dSERT,70:45,dSERT,late EtOH,90868,12.7657701280979,17.65858167891887,69.57564819298324,11600,16046,63222
2026-06-18_14.44.35_ROI4_BR_dSERT,70:45,dSERT,recovery,89470,9.494802727171118,16.062367273946574,74.4428299988823,8495,14371,66604
2026-06-11_09.22.39_ROI1_TL_dSERT,60:55,dSERT,baseline,89743,11.9229354935761,23.062522982293885,65.01454152413002,10700,20697,58346
2026-06-11_09.22.39_ROI1_TL_dSERT,60:55,dSERT,early EtOH,89424,6.468062265163714,15.283369117910182,78.24856861692611,5784,13667,69973
2026-06-11_09.22.39_ROI1_TL_dSERT,60:55,dSERT,late EtOH,89341,6.702409867809853,15.826999921648516,77.47059021054163,5988,14140,69213
2026-06-11_09.22.39_ROI1_TL_dSERT,60:55,dSERT,recovery,88052,8.231499568436833,18.191523190841774,73.57697724072139,7248,16018,64786
2026-06-11_09.22.39_ROI2_BL_W1118,60:55,W1118,baseline,90497,20.062543509729604,35.679635789031686,44.257820701238714,18156,32289,40052
2026-06-11_09.22.39_ROI2_BL_W1118,60:55,W1118,early EtOH,90237,10.51785852809823,20.154703724636235,69.32743774726553,9491,18187,62559
2026-06-11_09.22.39_ROI2_BL_W1118,60:55,W1118,late EtOH,89827,9.091921137297248,23.920424816591893,66.98765404611086,8167,21487,60173
2026-06-11_09.22.39_ROI2_BL_W1118,60:55,W1118,recovery,86630,1.437146485051368,17.97298857208819,80.58986494286044,1245,15570,69815
2026-06-11_09.22.39_ROI3_TR_W1118,60:55,W1118,baseline,89862,8.72671429525272,39.43936257817543,51.833923126571854,7842,35441,46579
2026-06-11_09.22.39_ROI3_TR_W1118,60:55,W1118,early EtOH,89444,8.040785295827558,23.95577120880104,68.00344349537141,7192,21427,60825
2026-06-11_09.22.39_ROI3_TR_W1118,60:55,W1118,late EtOH,89614,10.785145178208762,26.8395563193251,62.37529850246614,9665,24052,55897
2026-06-11_09.22.39_ROI3_TR_W1118,60:55,W1118,recovery,87431,10.545458704578467,26.306458807516787,63.148082487904745,9220,23000,55211
2026-06-11_09.22.39_ROI4_BR_dSERT,60:55,dSERT,baseline,91922,15.770979743695742,22.305868018537456,61.9231522377668,14497,20504,56921
2026-06-11_09.22.39_ROI4_BR_dSERT,60:55,dSERT,early EtOH,90283,7.118726670580286,17.59688977991427,75.28438354950543,6427,15887,67969
2026-06-11_09.22.39_ROI4_BR_dSERT,60:55,dSERT,late EtOH,89991,8.094142747608094,16.63610805524997,75.26974919714193,7284,14971,67736
2026-06-11_09.22.39_ROI4_BR_dSERT,60:55,dSERT,recovery,88206,8.293086638097181,16.361698750651883,75.34521461125094,7315,14432,66459
2026-06-11_09.53.18_ROI1_TL_W1118,60:55,W1118,baseline,89317,20.560475609346483,36.062563677687336,43.37696071296618,18364,32210,38743
2026-06-11_09.53.18_ROI1_TL_W1118,60:55,W1118,early EtOH,88151,9.093487311544962,17.712788283740398,73.19372440471463,8016,15614,64521
2026-06-11_09.53.18_ROI1_TL_W1118,60:55,W1118,late EtOH,86876,8.024080298356278,20.67314333072425,71.30277637091947,6971,17960,61945
2026-06-11_09.53.18_ROI1_TL_W1118,60:55,W1118,recovery,87086,2.032473646740004,26.604735548767884,71.36279080449212,1770,23169,62147
2026-06-11_09.53.18_ROI2_BL_dSERT,60:55,dSERT,baseline,82074,9.614494236908156,10.57704023198577,79.80846553110608,7891,8681,65502
2026-06-11_09.53.18_ROI2_BL_dSERT,60:55,dSERT,early EtOH,84573,7.2375344377047055,15.98973667719012,76.77272888510518,6121,13523,64929
2026-06-11_09.53.18_ROI2_BL_dSERT,60:55,dSERT,late EtOH,85851,8.28412016167546,17.374288010623058,74.34159182770148,7112,14916,63823
2026-06-11_09.53.18_ROI2_BL_dSERT,60:55,dSERT,recovery,82544,12.613878658654778,18.757268850552432,68.6288524907928,10412,15483,56649
2026-06-11_09.53.18_ROI3_TR_dSERT,60:55,dSERT,baseline,80148,9.663372760393273,20.173928232769374,70.16269900683734,7745,16169,56234
2026-06-11_09.53.18_ROI3_TR_dSERT,60:55,dSERT,early EtOH,80272,6.192694837552322,14.472045046840742,79.33526011560693,4971,11617,63684
2026-06-11_09.53.18_ROI3_TR_dSERT,60:55,dSERT,late EtOH,80646,9.644619695955162,17.265580437963447,73.08979986608139,7778,13924,58944
2026-06-11_09.53.18_ROI3_TR_dSERT,60:55,dSERT,recovery,78556,6.08737715769642,13.68450532104486,80.22811752125872,4782,10750,63024
2026-06-11_09.53.18_ROI4_BR_W1118,60:55,W1118,baseline,80815,1.4638371589432655,17.828373445523727,80.707789395533,1183,14408,65224
2026-06-11_09.53.18_ROI4_BR_W1118,60:55,W1118,early EtOH,80208,10.041392379812487,18.94823459006583,71.01037303012168,8054,15198,56956
2026-06-11_09.53.18_ROI4_BR_W1118,60:55,W1118,late EtOH,80495,11.209391887694888,12.928753338716689,75.86185477358842,9023,10407,61065
2026-06-11_09.53.18_ROI4_BR_W1118,60:55,W1118,recovery,78583,1.7675578687502385,13.68998383874375,84.54245829250601,1389,10758,66436
2026-06-12_09.22.11_ROI1_TL_W1118,60:55,W1118,baseline,89947,10.369439781204488,40.27705204175792,49.35350817703758,9327,36228,44392
2026-06-12_09.22.11_ROI1_TL_W1118,60:55,W1118,early EtOH,89572,11.361809494038315,22.01134283034877,66.62684767561291,10177,19716,59679
2026-06-12_09.22.11_ROI1_TL_W1118,60:55,W1118,late EtOH,90062,9.452377251226933,28.3193799826786,62.22824276609447,8513,25505,56044
2026-06-12_09.22.11_ROI1_TL_W1118,60:55,W1118,recovery,87201,7.4781252508572145,50.06479283494455,42.45708191419823,6521,43657,37023
2026-06-12_09.22.11_ROI2_BL_dSERT,60:55,dSERT,baseline,88199,16.231476547353143,26.18170274039388,57.58682071225297,14316,23092,50791
2026-06-12_09.22.11_ROI2_BL_dSERT,60:55,dSERT,early EtOH,90325,9.546637143647937,17.20011071132023,73.25325214503184,8623,15536,66166
2026-06-12_09.22.11_ROI2_BL_dSERT,60:55,dSERT,late EtOH,90077,8.699223997246799,18.849428822007837,72.45134718074536,7836,16979,65262
2026-06-12_09.22.11_ROI2_BL_dSERT,60:55,dSERT,recovery,87666,10.719092920858714,32.142449752469595,57.138457326671684,9397,28178,50091
2026-06-12_09.22.11_ROI3_TR_dSERT,60:55,dSERT,baseline,89451,14.65383282467496,55.42811148002818,29.918055695296868,13108,49581,26762
2026-06-12_09.22.11_ROI3_TR_dSERT,60:55,dSERT,early EtOH,89107,11.98446811137172,47.52376356515201,40.491768323476265,10679,42347,36081
2026-06-12_09.22.11_ROI3_TR_dSERT,60:55,dSERT,late EtOH,89243,11.735374203018724,44.686978250394986,43.577647546586284,10473,39880,38890
2026-06-12_09.22.11_ROI3_TR_dSERT,60:55,dSERT,recovery,86845,8.836432724969773,41.62012781392136,49.543439461108875,7674,36145,43026
2026-06-12_09.22.11_ROI4_BR_W1118,60:55,W1118,baseline,89972,13.89543413506424,54.721468901436,31.383096963499757,12502,49234,28236
2026-06-12_09.22.11_ROI4_BR_W1118,60:55,W1118,early EtOH,89361,11.555376506529694,20.848020948736025,67.59660254473428,10326,18630,60405
2026-06-12_09.22.11_ROI4_BR_W1118,60:55,W1118,late EtOH,89654,11.756307582483771,17.29091841970241,70.95277399781382,10540,15502,63612
2026-06-12_09.22.11_ROI4_BR_W1118,60:55,W1118,recovery,87505,10.359408033826638,26.6247642991829,63.015827666990454,9065,23298,55142
2026-06-12_09.53.01_ROI1_TL_dSERT,60:55,dSERT,baseline,89583,8.485985064130471,14.914660147572642,76.59935478829689,7602,13361,68620
2026-06-12_09.53.01_ROI1_TL_dSERT,60:55,dSERT,early EtOH,87744,7.330415754923414,14.969684536834427,77.69989970824216,6432,13135,68177
2026-06-12_09.53.01_ROI1_TL_dSERT,60:55,dSERT,late EtOH,87596,7.913603360884059,14.19242887803096,77.89396776108498,6932,12432,68232
2026-06-12_09.53.01_ROI1_TL_dSERT,60:55,dSERT,recovery,85650,4.869819030939872,19.20490367775832,75.92527729130181,4171,16449,65030
2026-06-12_09.53.01_ROI2_BL_W1118,60:55,W1118,baseline,89446,15.153276837421462,32.16912997786373,52.6775931847148,13554,28774,47118
2026-06-12_09.53.01_ROI2_BL_W1118,60:55,W1118,early EtOH,86231,10.659739536825503,17.201470468856908,72.13878999431759,9192,14833,62206
2026-06-12_09.53.01_ROI2_BL_W1118,60:55,W1118,late EtOH,85444,4.2261598239782785,21.54978699499087,74.22405318103085,3611,18413,63420
2026-06-12_09.53.01_ROI2_BL_W1118,60:55,W1118,recovery,84624,8.427869162412554,20.68798449612403,70.88414634146342,7132,17507,59985
2026-06-12_09.53.01_ROI3_TR_W1118,60:55,W1118,baseline,89308,16.10382048640659,45.26582165091593,38.63035786267748,14382,40426,34500
2026-06-12_09.53.01_ROI3_TR_W1118,60:55,W1118,early EtOH,89343,9.850799726895223,19.68816807136541,70.46103220173936,8801,17590,62952
2026-06-12_09.53.01_ROI3_TR_W1118,60:55,W1118,late EtOH,89478,7.628690851382462,22.773195645857083,69.59811350276046,6826,20377,62275
2026-06-12_09.53.01_ROI3_TR_W1118,60:55,W1118,recovery,87913,4.215531263863138,16.387792476653054,79.39667625948381,3706,14407,69800
2026-06-12_09.53.01_ROI4_BR_dSERT,60:55,dSERT,baseline,88872,5.103969754253308,21.460077414708795,73.4359528310379,4536,19072,65264
2026-06-12_09.53.01_ROI4_BR_dSERT,60:55,dSERT,early EtOH,89066,7.25304830125974,15.16740394763434,77.57954775110592,6460,13509,69097
2026-06-12_09.53.01_ROI4_BR_dSERT,60:55,dSERT,late EtOH,89419,7.934555295854348,16.55576555318221,75.50967915096344,7095,14804,67520
2026-06-12_09.53.01_ROI4_BR_dSERT,60:55,dSERT,recovery,87143,8.465395958367282,16.634726828316676,74.89987721331605,7377,14496,65270
2026-06-17_12.27.22_ROI1_TL_dSERT,60:55,dSERT,baseline,89025,24.205560235888797,27.933726481325472,47.86071328278573,21549,24868,42608
2026-06-17_12.27.22_ROI1_TL_dSERT,60:55,dSERT,early EtOH,89161,9.054407195971333,17.057906483776538,73.88768632025213,8073,15209,65879
2026-06-17_12.27.22_ROI1_TL_dSERT,60:55,dSERT,late EtOH,89366,8.502114898283464,17.026609672582413,74.47127542913412,7598,15216,66552
2026-06-17_12.27.22_ROI1_TL_dSERT,60:55,dSERT,recovery,87440,7.713860933211344,14.899359560841722,77.38677950594693,6745,13028,67667
2026-06-17_12.27.22_ROI2_BL_W1118,60:55,W1118,baseline,82524,30.462653288740242,39.92293151083321,29.614415200426542,25139,32946,24439
2026-06-17_12.27.22_ROI2_BL_W1118,60:55,W1118,early EtOH,84033,20.95367296181262,18.7164566301334,60.32987040805398,17608,15728,50697
2026-06-17_12.27.22_ROI2_BL_W1118,60:55,W1118,late EtOH,83532,12.014557295407748,20.63041708566777,67.35502561892449,10036,17233,56263
2026-06-17_12.27.22_ROI2_BL_W1118,60:55,W1118,recovery,79852,17.17677703751941,24.700696288133045,58.12252667434754,13716,19724,46412
2026-06-17_12.27.22_ROI3_TR_W1118,60:55,W1118,baseline,80070,1.8433870363432,31.382540277257398,66.77407268639939,1476,25128,53466
2026-06-17_12.27.22_ROI3_TR_W1118,60:55,W1118,early EtOH,80027,7.7173953790595675,26.003723743236655,66.27888087770377,6176,20810,53041
2026-06-17_12.27.22_ROI3_TR_W1118,60:55,W1118,late EtOH,80175,10.028063610851262,20.8755846585594,69.09635173058933,8040,16737,55398
2026-06-17_12.27.22_ROI3_TR_W1118,60:55,W1118,recovery,78936,4.504915374480592,26.56582547886896,68.92925914665045,3556,20970,54410
2026-06-17_12.27.22_ROI4_BR_dSERT,60:55,dSERT,baseline,80658,26.319769892633094,29.426715266929506,44.253514840437404,21229,23735,35694
2026-06-17_12.27.22_ROI4_BR_dSERT,60:55,dSERT,early EtOH,80226,9.030738164684765,16.38745543838656,74.58180639692867,7245,13147,59834
2026-06-17_12.27.22_ROI4_BR_dSERT,60:55,dSERT,late EtOH,80328,7.509212229857584,15.761627327955383,76.72916044218702,6032,12661,61635
2026-06-17_12.27.22_ROI4_BR_dSERT,60:55,dSERT,recovery,78901,10.383898809901016,19.755136183318335,69.86096500678065,8193,15587,55121
2026-06-17_12.58.00_ROI1_TL_W1118,60:55,W1118,baseline,89267,5.04217684026572,48.50056571857461,46.45725744115967,4501,43295,41471
2026-06-17_12.58.00_ROI1_TL_W1118,60:55,W1118,early EtOH,88321,15.821831727448737,31.858787830753727,52.319380441797534,13974,28138,46209
2026-06-17_12.58.00_ROI1_TL_W1118,60:55,W1118,late EtOH,89178,16.19009172665904,23.537195272376596,60.27271300096436,14438,20990,53750
2026-06-17_12.58.00_ROI1_TL_W1118,60:55,W1118,recovery,87507,4.31622613048099,30.653547716182704,65.0302261533363,3777,26824,56906
2026-06-17_12.58.00_ROI2_BL_dSERT,60:55,dSERT,baseline,89954,14.04940302821442,35.80830202103297,50.14229495075261,12638,32211,45105
2026-06-17_12.58.00_ROI2_BL_dSERT,60:55,dSERT,early EtOH,87481,9.632948868897246,24.491032338450637,65.87601879265212,8427,21425,57629
2026-06-17_12.58.00_ROI2_BL_dSERT,60:55,dSERT,late EtOH,87711,9.466315513447572,23.85561674134373,66.67806774520871,8303,20924,58484
2026-06-17_12.58.00_ROI2_BL_dSERT,60:55,dSERT,recovery,84745,12.020768186913683,26.203315829842467,61.77591598324385,10187,22206,52352
2026-06-17_12.58.00_ROI3_TR_dSERT,60:55,dSERT,baseline,87418,13.6150449564163,36.58628657713515,49.79866846644856,11902,31983,43533
2026-06-17_12.58.00_ROI3_TR_dSERT,60:55,dSERT,early EtOH,89290,6.983984768731101,14.989360510695487,78.0266547205734,6236,13384,69670
2026-06-17_12.58.00_ROI3_TR_dSERT,60:55,dSERT,late EtOH,89118,5.352454049686932,13.04786911735003,81.59967683296304,4770,11628,72720
2026-06-17_12.58.00_ROI3_TR_dSERT,60:55,dSERT,recovery,87189,5.1990503389189,18.097466423516728,76.70348323756437,4533,15779,66877
2026-06-17_12.58.00_ROI4_BR_W1118,60:55,W1118,baseline,94583,2.007760379772263,27.963798991362083,70.02844062886565,1899,26449,66235
2026-06-17_12.58.00_ROI4_BR_W1118,60:55,W1118,early EtOH,92275,12.788946085071796,20.666486047141696,66.54456786778651,11801,19070,61404
2026-06-17_12.58.00_ROI4_BR_W1118,60:55,W1118,late EtOH,91800,7.72004357298475,20.734204793028322,71.54575163398692,7087,19034,65679
2026-06-17_12.58.00_ROI4_BR_W1118,60:55,W1118,recovery,93076,4.514590227341097,26.71580214018651,68.76960763247239,4202,24866,64008
2026-06-19_12.16.11_ROI1_TL_W1118,60:55,W1118,baseline,72872,1.6714238665056538,25.92765396860248,72.40092216489187,1218,18894,52760
2026-06-19_12.16.11_ROI1_TL_W1118,60:55,W1118,early EtOH,73447,8.392446253761216,18.927934428907918,72.67961931733086,6164,13902,53381
2026-06-19_12.16.11_ROI1_TL_W1118,60:55,W1118,late EtOH,72368,12.14348883484413,20.546374087994693,67.31013707716119,8788,14869,48711
2026-06-19_12.16.11_ROI1_TL_W1118,60:55,W1118,recovery,65480,5.7467929138668294,21.53787416004887,72.7153329260843,3763,14103,47614
2026-06-19_12.16.11_ROI2_BL_dSERT,60:55,dSERT,baseline,89205,9.38736617902584,29.992713412925287,60.61992040804888,8374,26755,54076
2026-06-19_12.16.11_ROI2_BL_dSERT,60:55,dSERT,early EtOH,88623,6.658542364848855,17.511255543143427,75.83020209200771,5901,15519,67203
2026-06-19_12.16.11_ROI2_BL_dSERT,60:55,dSERT,late EtOH,88435,7.17476112398937,16.026460111946626,76.798778764064,6345,14173,67917
2026-06-19_12.16.11_ROI2_BL_dSERT,60:55,dSERT,recovery,85672,9.438322905966944,17.512139322065554,73.0495377719675,8086,15003,62583
2026-06-19_12.16.11_ROI3_TR_dSERT,60:55,dSERT,baseline,88050,11.46053378762067,27.617262918796136,60.92220329358319,10091,24317,53642
2026-06-19_12.16.11_ROI3_TR_dSERT,60:55,dSERT,early EtOH,89395,7.858381341238324,14.963924156832038,77.17769450192964,7025,13377,68993
2026-06-19_12.16.11_ROI3_TR_dSERT,60:55,dSERT,late EtOH,89140,5.73143369979807,12.610500336549249,81.65806596365269,5109,11241,72790
2026-06-19_12.16.11_ROI3_TR_dSERT,60:55,dSERT,recovery,87204,7.958350534379156,16.900600889867437,75.14104857575342,6940,14738,65526
2026-06-19_12.16.11_ROI4_BR_W1118,60:55,W1118,baseline,80700,4.104089219330855,14.67534076827757,81.22057001239156,3312,11843,65545
2026-06-19_12.16.11_ROI4_BR_W1118,60:55,W1118,early EtOH,80260,10.535758783952156,19.09668577124346,70.36755544480438,8456,15327,56477
2026-06-19_12.16.11_ROI4_BR_W1118,60:55,W1118,late EtOH,80576,8.735851866560761,19.180649324861,72.08349880857824,7039,15455,58082
2026-06-19_12.16.11_ROI4_BR_W1118,60:55,W1118,recovery,78827,7.232293503494995,13.549925786849684,79.21778070965532,5701,10681,62445
2026-06-19_12.48.06_ROI1_TL_dSERT,60:55,dSERT,baseline,89203,8.893198659237918,25.144894230014685,65.9619071107474,7933,22430,58840
2026-06-19_12.48.06_ROI1_TL_dSERT,60:55,dSERT,early EtOH,89108,5.512411904655026,13.227768550522962,81.25981954482201,4912,11787,72409
2026-06-19_12.48.06_ROI1_TL_dSERT,60:55,dSERT,late EtOH,89277,6.6008042384936765,14.270192770814432,79.12900299069189,5893,12740,70644
2026-06-19_12.48.06_ROI1_TL_dSERT,60:55,dSERT,recovery,87613,6.636001506625728,19.914852818645635,73.44914567472863,5814,17448,64351
2026-06-19_12.48.06_ROI2_BL_W1118,60:55,W1118,baseline,85165,9.503904185991898,29.863206716374098,60.632889097634,8094,25433,51638
2026-06-19_12.48.06_ROI2_BL_W1118,60:55,W1118,early EtOH,82500,27.650909090909092,21.71878787878788,50.630303030303025,22812,17918,41770
2026-06-19_12.48.06_ROI2_BL_W1118,60:55,W1118,late EtOH,83482,18.812438609520616,18.800459979396756,62.387101411082625,15705,15695,52082
2026-06-19_12.48.06_ROI2_BL_W1118,60:55,W1118,recovery,81180,5.0911554570091155,48.42941611234294,46.47942843064794,4133,39315,37732
2026-06-19_12.48.06_ROI3_TR_W1118,60:55,W1118,baseline,80875,14.639876352395673,31.509119010819163,53.85100463678516,11840,25483,43552
2026-06-19_12.48.06_ROI3_TR_W1118,60:55,W1118,early EtOH,80721,7.848019722253192,22.9717173969599,69.1802628807869,6335,18543,55843
2026-06-19_12.48.06_ROI3_TR_W1118,60:55,W1118,late EtOH,80507,7.367061249332356,16.681779224166842,75.9511595265008,5931,13430,61146
2026-06-19_12.48.06_ROI3_TR_W1118,60:55,W1118,recovery,78981,5.535508540028614,32.85093883339031,61.61355262658108,4372,25946,48663
2026-06-19_12.48.06_ROI4_BR_dSERT,60:55,dSERT,baseline,88623,7.1854936077541955,20.873813795515836,71.94069259672997,6368,18499,63756
2026-06-19_12.48.06_ROI4_BR_dSERT,60:55,dSERT,early EtOH,89044,5.559049458694578,14.034634562688108,80.40631597861731,4950,12497,71597
2026-06-19_12.48.06_ROI4_BR_dSERT,60:55,dSERT,late EtOH,89382,6.1925219842921395,15.201047190709538,78.60643082499831,5535,13587,70260
2026-06-19_12.48.06_ROI4_BR_dSERT,60:55,dSERT,recovery,87437,7.470521632718414,17.65614099294349,74.8733373743381,6532,15438,65467
2026-06-01_10.28.37_ROI1_TL_dSERT,50:65,dSERT,baseline,89438,10.249558353272658,33.99338088955478,55.757060757172574,9167,30403,49868
2026-06-01_10.28.37_ROI1_TL_dSERT,50:65,dSERT,early EtOH,89366,9.12203746391245,14.73267238099501,76.14529015509254,8152,13166,68048
2026-06-01_10.28.37_ROI1_TL_dSERT,50:65,dSERT,late EtOH,89173,6.024245006896707,16.943469435815775,77.03228555728752,5372,15109,68692
2026-06-01_10.28.37_ROI1_TL_dSERT,50:65,dSERT,recovery,87356,9.44411374147168,17.02802326113833,73.52786299738999,8250,14875,64231
2026-06-01_10.28.37_ROI2_BL_W1118,50:65,W1118,baseline,83388,24.30805391663069,33.32493884012088,42.36700724324843,20270,27789,35329
2026-06-01_10.28.37_ROI2_BL_W1118,50:65,W1118,early EtOH,84587,10.326645938501187,32.45415962263705,57.21919443886176,8735,27452,48400
2026-06-01_10.28.37_ROI2_BL_W1118,50:65,W1118,late EtOH,86681,8.450525490015112,23.7618393881012,67.7876351218837,7325,20597,58759
2026-06-01_10.28.37_ROI2_BL_W1118,50:65,W1118,recovery,82026,14.628288591422232,16.02540657840197,69.3463048301758,11999,13145,56882
2026-06-01_10.28.37_ROI3_TR_W1118,50:65,W1118,baseline,80876,27.532271625698602,48.024135713932445,24.44359266036896,22267,38840,19769
2026-06-01_10.28.37_ROI3_TR_W1118,50:65,W1118,early EtOH,80684,12.876158841901741,20.681919587526647,66.44192157057162,10389,16687,53608
2026-06-01_10.28.37_ROI3_TR_W1118,50:65,W1118,late EtOH,80746,14.109677259554655,21.525524484184974,64.36479825626037,11393,17381,51972
2026-06-01_10.28.37_ROI3_TR_W1118,50:65,W1118,recovery,78771,16.42609589823666,24.07231087582994,59.501593225933405,12939,18962,46870
2026-06-01_10.28.37_ROI4_BR_dSERT,50:65,dSERT,baseline,89961,5.96480697191005,14.011627260701859,80.02356576738809,5366,12605,71990
2026-06-01_10.28.37_ROI4_BR_dSERT,50:65,dSERT,early EtOH,90612,4.648390941597139,14.123957091775925,81.22765196662694,4212,12798,73602
2026-06-01_10.28.37_ROI4_BR_dSERT,50:65,dSERT,late EtOH,90092,4.320028415397593,14.062291879412156,81.61767970519026,3892,12669,73531
2026-06-01_10.28.37_ROI4_BR_dSERT,50:65,dSERT,recovery,87685,4.523008496322062,10.444203683640303,85.03278782003764,3966,9158,74561
2026-06-01_10.59.09_ROI1_TL_W1118,50:65,W1118,baseline,88363,3.211751524959542,27.161821124226204,69.62642735081425,2838,24001,61524
2026-06-01_10.59.09_ROI1_TL_W1118,50:65,W1118,early EtOH,88572,9.62606692860046,27.474822743079073,62.89911032832046,8526,24335,55711
2026-06-01_10.59.09_ROI1_TL_W1118,50:65,W1118,late EtOH,88993,9.269268369422313,26.027889834031892,64.7028417965458,8249,23163,57581
2026-06-01_10.59.09_ROI1_TL_W1118,50:65,W1118,recovery,87070,1.6033076834730677,22.659928792925232,75.7367635236017,1396,19730,65944
2026-06-01_10.59.09_ROI2_BL_dSERT,50:65,dSERT,baseline,89655,4.26189281133233,30.114327142936816,65.62378004573087,3821,26999,58835
2026-06-01_10.59.09_ROI2_BL_dSERT,50:65,dSERT,early EtOH,89383,7.687144087801931,15.775930546076994,76.53692536612108,6871,14101,68411
2026-06-01_10.59.09_ROI2_BL_dSERT,50:65,dSERT,late EtOH,89200,6.608744394618834,16.522421524663677,76.86883408071749,5895,14738,68567
2026-06-01_10.59.09_ROI2_BL_dSERT,50:65,dSERT,recovery,87335,5.9002690788343735,20.810671552069618,73.28905936909601,5153,18175,64007
2026-06-01_10.59.09_ROI3_TR_dSERT,50:65,dSERT,baseline,89683,10.999855044991804,27.17348884403956,61.826656110968635,9865,24370,55448
2026-06-01_10.59.09_ROI3_TR_dSERT,50:65,dSERT,early EtOH,89301,6.788277846832622,13.78372022709712,79.42800192607025,6062,12309,70930
2026-06-01_10.59.09_ROI3_TR_dSERT,50:65,dSERT,late EtOH,89452,5.1703707016053295,13.845414300406922,80.98421499798775,4625,12385,72442
2026-06-01_10.59.09_ROI3_TR_dSERT,50:65,dSERT,recovery,87115,4.954370659473111,12.053033346725593,82.9925959938013,4316,10500,72299
2026-06-01_10.59.09_ROI4_BR_W1118,50:65,W1118,baseline,88936,27.81888099307367,30.695106593505443,41.48601241342089,24741,27299,36896
2026-06-01_10.59.09_ROI4_BR_W1118,50:65,W1118,early EtOH,89338,14.620878013835098,21.716402874476707,63.66271911168819,13062,19401,56875
2026-06-01_10.59.09_ROI4_BR_W1118,50:65,W1118,late EtOH,89519,12.904523062143234,23.076665288933075,64.01881164892369,11552,20658,57309
2026-06-01_10.59.09_ROI4_BR_W1118,50:65,W1118,recovery,87584,7.724013518450859,18.496529046401168,73.77945743514798,6765,16200,64619
2026-06-03_08.59.38_ROI1_TL_dSERT,50:65,dSERT,baseline,80772,14.422076957361462,46.305650472936165,39.27227256970237,11649,37402,31721
2026-06-03_08.59.38_ROI1_TL_dSERT,50:65,dSERT,early EtOH,80337,10.937675043877665,21.126006696789773,67.93631825933257,8787,16972,54578
2026-06-03_08.59.38_ROI1_TL_dSERT,50:65,dSERT,late EtOH,81380,10.958466453674122,22.89874662079135,66.14278692553452,8918,18635,53827
2026-06-03_08.59.38_ROI1_TL_dSERT,50:65,dSERT,recovery,79029,5.768768426780043,17.889635450277748,76.3415961229422,4559,14138,60332
2026-06-03_08.59.38_ROI2_BL_W1118,50:65,W1118,baseline,80738,9.097327156976888,25.026629344298847,65.87604349872427,7345,20206,53187
2026-06-03_08.59.38_ROI2_BL_W1118,50:65,W1118,early EtOH,80386,6.246112507152987,16.655885353170948,77.09800213967605,5021,13389,61976
2026-06-03_08.59.38_ROI2_BL_W1118,50:65,W1118,late EtOH,80355,6.823470848111506,14.584033352000498,78.592495799888,5483,11719,63153
2026-06-03_08.59.38_ROI2_BL_W1118,50:65,W1118,recovery,77587,6.118293013004756,10.129274234085607,83.75243275290963,4747,7859,64981
2026-06-03_08.59.38_ROI3_TR_dSERT,50:65,dSERT,baseline,88909,12.780483415627215,36.55422960555174,50.665286978821044,11363,32500,45046
2026-06-03_08.59.38_ROI3_TR_dSERT,50:65,dSERT,early EtOH,89042,9.824577165831855,38.43916354080097,51.73625929336717,8748,34227,46067
2026-06-03_08.59.38_ROI3_TR_dSERT,50:65,dSERT,late EtOH,88977,9.830630387628265,36.685885116378394,53.48348449599335,8747,32642,47588
2026-06-03_08.59.38_ROI3_TR_dSERT,50:65,dSERT,recovery,86973,10.804502546767388,35.30750922700148,53.88798822623113,9397,30708,46868
2026-06-03_08.59.38_ROI4_BR_W1118,50:65,W1118,baseline,89843,19.625346437674608,39.23511013657158,41.139543425753814,17632,35250,36961
2026-06-03_08.59.38_ROI4_BR_W1118,50:65,W1118,early EtOH,89121,11.996050313618563,19.96499141616454,68.0389582702169,10691,17793,60637
2026-06-03_08.59.38_ROI4_BR_W1118,50:65,W1118,late EtOH,89744,13.097254412551257,15.735870921732928,71.16687466571582,11754,14122,63868
2026-06-03_08.59.38_ROI4_BR_W1118,50:65,W1118,recovery,87915,10.315645794233067,10.214411647614172,79.46994255815277,9069,8980,69866
2026-06-03_09.30.50_ROI1_TL_dSERT,50:65,dSERT,baseline,80187,10.579021537156896,18.660131941586542,70.76084652125655,8483,14963,56741
2026-06-03_09.30.50_ROI1_TL_dSERT,50:65,dSERT,early EtOH,80287,4.704373061641362,13.307260204018084,81.98836673434056,3777,10684,65826
2026-06-03_09.30.50_ROI1_TL_dSERT,50:65,dSERT,late EtOH,80334,4.285856548908308,11.892847362262554,83.82129608882913,3443,9554,67337
2026-06-03_09.30.50_ROI1_TL_dSERT,50:65,dSERT,recovery,78216,6.545975248031094,12.687941086222768,80.76608366574614,5120,9924,63172
2026-06-03_09.30.50_ROI2_BL_W1118,50:65,W1118,baseline,77238,9.917398171884306,49.374660141381185,40.707941686734515,7660,38136,31442
2026-06-03_09.30.50_ROI2_BL_W1118,50:65,W1118,early EtOH,80308,9.149773372515813,24.000099616476565,66.85012701100761,7348,19274,53686
2026-06-03_09.30.50_ROI2_BL_W1118,50:65,W1118,late EtOH,80178,14.70228741051161,18.50881788021652,66.78889470927187,11788,14840,53550
2026-06-03_09.30.50_ROI2_BL_W1118,50:65,W1118,recovery,78975,6.691991136435581,23.52769863880975,69.78031022475467,5285,18581,55109
2026-06-03_09.30.50_ROI3_TR_W1118,50:65,W1118,baseline,88575,4.645780412080159,48.27660174992944,47.0776178379904,4115,42761,41699
2026-06-03_09.30.50_ROI3_TR_W1118,50:65,W1118,early EtOH,89466,14.31381753962399,19.79858270180851,65.8875997585675,12806,17713,58947
2026-06-03_09.30.50_ROI3_TR_W1118,50:65,W1118,late EtOH,89714,23.409947165436833,24.730811244621798,51.85924158994138,21002,22187,46525
2026-06-03_09.30.50_ROI3_TR_W1118,50:65,W1118,recovery,87653,28.077761171893716,23.55766488311866,48.36457394498762,24611,20649,42393
2026-06-03_09.30.50_ROI4_BR_dSERT,50:65,dSERT,baseline,89336,12.84700456702785,24.817542759917615,62.33545267305453,11477,22171,55688
2026-06-03_09.30.50_ROI4_BR_dSERT,50:65,dSERT,early EtOH,89196,8.771693797928158,16.93685815507422,74.29144804699762,7824,15107,66265
2026-06-03_09.30.50_ROI4_BR_dSERT,50:65,dSERT,late EtOH,89004,8.37939867871107,17.56437912902791,74.05622219226102,7458,15633,65913
2026-06-03_09.30.50_ROI4_BR_dSERT,50:65,dSERT,recovery,87071,7.161971264829852,16.64963076110301,76.18839797406714,6236,14497,66338
2026-06-04_09.57.10_ROI1_TL_W1118,50:65,W1118,baseline,88663,7.8003225697303264,24.167916718360534,68.03176071190914,6916,21428,60319
2026-06-04_09.57.10_ROI1_TL_W1118,50:65,W1118,early EtOH,88241,8.720436078466925,17.18702190591675,74.09254201561633,7695,15166,65380
2026-06-04_09.57.10_ROI1_TL_W1118,50:65,W1118,late EtOH,87811,7.83045404334309,15.892086412863993,76.27745954379292,6876,13955,66980
2026-06-04_09.57.10_ROI1_TL_W1118,50:65,W1118,recovery,84944,4.228668299114711,11.205029195705405,84.56630250517988,3592,9518,71834
2026-06-04_09.57.10_ROI2_BL_dSERT,50:65,dSERT,baseline,80445,7.373982223879668,29.34427248430605,63.28174529181428,5932,23606,50907
2026-06-04_09.57.10_ROI2_BL_dSERT,50:65,dSERT,early EtOH,80138,9.920387331852554,18.871197184856122,71.20841548329132,7950,15123,57065
2026-06-04_09.57.10_ROI2_BL_dSERT,50:65,dSERT,late EtOH,80441,12.074688280851804,19.151925013363833,68.77338670578436,9713,15406,55322
2026-06-04_09.57.10_ROI2_BL_dSERT,50:65,dSERT,recovery,79015,14.861735113586027,21.512371068784407,63.62589381762957,11743,16998,50274
2026-06-04_09.57.10_ROI3_TR_dSERT,50:65,dSERT,baseline,89655,26.946628743516815,20.561039540460655,52.492331716022534,24159,18434,47062
2026-06-04_09.57.10_ROI3_TR_dSERT,50:65,dSERT,early EtOH,89298,7.935228112611704,22.970279289569756,69.09449259781853,7086,20512,61700
2026-06-04_09.57.10_ROI3_TR_dSERT,50:65,dSERT,late EtOH,89187,12.182268716292734,23.05044457151827,64.767286712189,10865,20558,57764
2026-06-04_09.57.10_ROI3_TR_dSERT,50:65,dSERT,recovery,87678,2.9334610734733912,20.479481740003195,76.58705718652341,2572,17956,67150
2026-06-04_09.57.10_ROI4_BR_W1118,50:65,W1118,baseline,80570,19.491125729179597,30.078192875760205,50.4306813950602,15704,24234,40632
2026-06-04_09.57.10_ROI4_BR_W1118,50:65,W1118,early EtOH,80316,8.154041535933064,15.290851138004879,76.55510732606206,6549,12281,61486
2026-06-04_09.57.10_ROI4_BR_W1118,50:65,W1118,late EtOH,80107,6.576204326713022,12.905239242513138,80.51855643077384,5268,10338,64501
2026-06-04_09.57.10_ROI4_BR_W1118,50:65,W1118,recovery,77334,4.099102593943155,14.82271704554271,81.07818036051412,3170,11463,62701
2026-06-17_13.29.19_ROI1_TL_dSERT,50:65,dSERT,baseline,88403,10.388787710824293,30.22748096784046,59.383731321335254,9184,26722,52497
2026-06-17_13.29.19_ROI1_TL_dSERT,50:65,dSERT,early EtOH,89338,7.833172893953301,14.08135395912154,78.08547314692517,6998,12580,69760
2026-06-17_13.29.19_ROI1_TL_dSERT,50:65,dSERT,late EtOH,89152,6.565192031586505,15.11575735821967,78.31905061019383,5853,13476,69823
2026-06-17_13.29.19_ROI1_TL_dSERT,50:65,dSERT,recovery,86891,4.4860802614770225,17.502388049395222,78.01153168912775,3898,15208,67785
2026-06-17_13.29.19_ROI2_BL_W1118,50:65,W1118,baseline,89610,17.89644012944984,24.375627720120523,57.72793215042964,16037,21843,51730
2026-06-17_13.29.19_ROI2_BL_W1118,50:65,W1118,early EtOH,89423,20.171544233586438,42.6802947787482,37.14816098766537,18038,38166,33219
2026-06-17_13.29.19_ROI2_BL_W1118,50:65,W1118,late EtOH,89230,16.671523030370953,40.33060629833016,42.99787067129889,14876,35987,38367
2026-06-17_13.29.19_ROI2_BL_W1118,50:65,W1118,recovery,87310,19.844233192074217,29.666704844805864,50.489061963119916,17326,25902,44082
2026-06-17_13.29.19_ROI3_TR_W1118,50:65,W1118,baseline,89140,18.668386807269464,21.799416647969487,59.53219654476105,16641,19432,53067
2026-06-17_13.29.19_ROI3_TR_W1118,50:65,W1118,early EtOH,89372,14.978964328872577,22.41082218144385,62.610213489683574,13387,20029,55956
2026-06-17_13.29.19_ROI3_TR_W1118,50:65,W1118,late EtOH,89519,12.923513444073325,22.768350852891565,64.3081357030351,11569,20382,57568
2026-06-17_13.29.19_ROI3_TR_W1118,50:65,W1118,recovery,86726,7.1789313470008995,13.246315983672716,79.57475266932639,6226,11488,69012
2026-06-17_13.29.19_ROI4_BR_dSERT,50:65,dSERT,baseline,89032,9.522418905562045,26.862251774642825,63.61532931979513,8478,23916,56638
2026-06-17_13.29.19_ROI4_BR_dSERT,50:65,dSERT,early EtOH,89402,6.89693742869287,18.422406657569184,74.68065591373795,6166,16470,66766
2026-06-17_13.29.19_ROI4_BR_dSERT,50:65,dSERT,late EtOH,89319,6.829453979556421,17.370324343084896,75.80022167735868,6100,15515,67704
2026-06-17_13.29.19_ROI4_BR_dSERT,50:65,dSERT,recovery,87350,7.129937034917,17.01774470520893,75.85231825987407,6228,14865,66257
2026-06-17_14.00.08_ROI1_TL_W1118,50:65,W1118,baseline,88881,5.830267436234966,19.215580382758972,74.95415218100607,5182,17079,66620
2026-06-17_14.00.08_ROI1_TL_W1118,50:65,W1118,early EtOH,88486,9.784598693578646,22.249847433492302,67.96555387292905,8658,19688,60140
2026-06-17_14.00.08_ROI1_TL_W1118,50:65,W1118,late EtOH,89193,8.700234323321338,26.06818920767325,65.23157646900542,7760,23251,58182
2026-06-17_14.00.08_ROI1_TL_W1118,50:65,W1118,recovery,81035,2.4779416301598074,26.704510396742148,70.81754797309804,2008,21640,57387
2026-06-17_14.00.08_ROI2_BL_dSERT,50:65,dSERT,baseline,88546,20.46393964718903,24.400876380638312,55.135183972172655,18120,21606,48820
2026-06-17_14.00.08_ROI2_BL_dSERT,50:65,dSERT,early EtOH,89904,8.537996084712582,17.516462003915287,73.94554191137213,7676,15748,66480
2026-06-17_14.00.08_ROI2_BL_dSERT,50:65,dSERT,late EtOH,90196,8.158898399042085,15.587165727970199,76.25393587298771,7359,14059,68778
2026-06-17_14.00.08_ROI2_BL_dSERT,50:65,dSERT,recovery,88062,10.203038768140628,15.65715064386455,74.13981058799483,8985,13788,65289
2026-06-17_14.00.08_ROI3_TR_dSERT,50:65,dSERT,baseline,88781,10.866063684797423,39.463398700172334,49.67053761503024,9647,35036,44098
2026-06-17_14.00.08_ROI3_TR_dSERT,50:65,dSERT,early EtOH,89386,7.81777907054796,19.299442865773166,72.88277806367887,6988,17251,65147
2026-06-17_14.00.08_ROI3_TR_dSERT,50:65,dSERT,late EtOH,89369,6.569392071076101,14.159272230863051,79.27133569806085,5871,12654,70844
2026-06-17_14.00.08_ROI3_TR_dSERT,50:65,dSERT,recovery,87241,8.474226567783496,17.27742689790351,74.24834653431299,7393,15073,64775
2026-06-17_14.00.08_ROI4_BR_W1118,50:65,W1118,baseline,88025,23.986367509230334,34.99914796932689,41.014484521442775,21114,30808,36103
2026-06-17_14.00.08_ROI4_BR_W1118,50:65,W1118,early EtOH,89041,8.337732056019137,19.213620691591515,72.44864725238935,7424,17108,64509
2026-06-17_14.00.08_ROI4_BR_W1118,50:65,W1118,late EtOH,89523,13.321716207008254,20.367950135719312,66.31033365727244,11926,18234,59363
2026-06-17_14.00.08_ROI4_BR_W1118,50:65,W1118,recovery,87749,8.629158167044638,32.47216492495641,58.89867690799895,7572,28494,51683
2026-06-19_13.19.08_ROI1_TL_W1118,50:65,W1118,baseline,89868,24.102016290559487,21.694040147772288,54.203943561668225,21660,19496,48712
2026-06-19_13.19.08_ROI1_TL_W1118,50:65,W1118,early EtOH,88948,11.113234698925215,26.154607186221163,62.73215811485362,9885,23264,55799
2026-06-19_13.19.08_ROI1_TL_W1118,50:65,W1118,late EtOH,89496,12.641905783498702,24.309466344864575,63.04862787163672,11314,21756,56426
2026-06-19_13.19.08_ROI1_TL_W1118,50:65,W1118,recovery,87802,16.354980524361633,31.64962073756862,51.995398738069746,14360,27789,45653
2026-06-19_13.19.08_ROI2_BL_dSERT,50:65,dSERT,baseline,90527,14.170358014735934,17.517425740386848,68.31221624487722,12828,15858,61841
2026-06-19_13.19.08_ROI2_BL_dSERT,50:65,dSERT,early EtOH,90877,8.419071932392134,16.339667902769676,75.24126016483818,7651,14849,68377
2026-06-19_13.19.08_ROI2_BL_dSERT,50:65,dSERT,late EtOH,92053,6.498430252137356,16.669744603652244,76.8318251442104,5982,15345,70726
2026-06-19_13.19.08_ROI2_BL_dSERT,50:65,dSERT,recovery,89598,5.66084064376437,17.827406861760306,76.51175249447533,5072,15973,68553
2026-06-19_13.19.08_ROI3_TR_dSERT,50:65,dSERT,baseline,88687,32.633869676502755,54.13532986796261,13.230800455534633,28942,48011,11734
2026-06-19_13.19.08_ROI3_TR_dSERT,50:65,dSERT,early EtOH,89276,12.333661902414983,46.350642949952956,41.31569514763206,11011,41380,36885
2026-06-19_13.19.08_ROI3_TR_dSERT,50:65,dSERT,late EtOH,89244,12.389628434404553,41.434718300389946,46.175653265205504,11057,36978,41209
2026-06-19_13.19.08_ROI3_TR_dSERT,50:65,dSERT,recovery,87521,13.288239393974019,45.19143976874121,41.520320837284764,11630,39552,36339
2026-06-19_13.19.08_ROI4_BR_W1118,50:65,W1118,baseline,89086,35.46797476595649,6.517297891924658,58.01472734211885,31597,5806,51683
2026-06-19_13.19.08_ROI4_BR_W1118,50:65,W1118,early EtOH,89121,11.116347437753166,21.956665656803672,66.92698690544316,9907,19568,59646
2026-06-19_13.19.08_ROI4_BR_W1118,50:65,W1118,late EtOH,89353,13.404138641120053,20.808478730428746,65.7873826284512,11977,18593,58783
2026-06-19_13.19.08_ROI4_BR_W1118,50:65,W1118,recovery,87882,16.33667872829476,28.584920689105846,55.07840058259939,14357,25121,48404
2026-06-19_13.49.47_ROI1_TL_dSERT,50:65,dSERT,baseline,88858,31.429921897859508,22.425667919602063,46.14441018253843,27928,19927,41003
2026-06-19_13.49.47_ROI1_TL_dSERT,50:65,dSERT,early EtOH,89196,8.272792501905915,14.954706489080227,76.77250100901387,7379,13339,68478
2026-06-19_13.49.47_ROI1_TL_dSERT,50:65,dSERT,late EtOH,89278,8.481372790609107,16.79249087121127,74.72613633817961,7572,14992,66714
2026-06-19_13.49.47_ROI1_TL_dSERT,50:65,dSERT,recovery,87196,7.056516353961191,17.834533694206158,75.10894995183264,6153,15551,65492
2026-06-19_13.49.47_ROI2_BL_W1118,50:65,W1118,baseline,78697,13.88235892092456,20.065567937786703,66.05207314128873,10925,15791,51981
2026-06-19_13.49.47_ROI2_BL_W1118,50:65,W1118,early EtOH,80423,8.112107233005483,23.57410193601333,68.31379083098119,6524,18959,54940
2026-06-19_13.49.47_ROI2_BL_W1118,50:65,W1118,late EtOH,80411,11.762072353284998,19.09191528522217,69.14601236149282,9458,15352,55601
2026-06-19_13.49.47_ROI2_BL_W1118,50:65,W1118,recovery,76561,11.333446532830031,29.34130954402372,59.32524392314625,8677,22464,45420
2026-06-19_13.49.47_ROI3_TR_W1118,50:65,W1118,baseline,80399,25.73539471883979,21.650766800582097,52.61383848057811,20691,17407,42301
2026-06-19_13.49.47_ROI3_TR_W1118,50:65,W1118,early EtOH,80442,17.64625444419582,21.715024489694436,60.638721066109746,14195,17468,48779
2026-06-19_13.49.47_ROI3_TR_W1118,50:65,W1118,late EtOH,80774,14.871121895659495,21.888231361576747,63.240646742763765,12012,17680,51082
2026-06-19_13.49.47_ROI3_TR_W1118,50:65,W1118,recovery,79052,5.320548499721702,36.916207053584984,57.76324444669332,4206,29183,45663
2026-06-19_13.49.47_ROI4_BR_dSERT,50:65,dSERT,baseline,80471,16.468044388661752,35.130668191025336,48.401287420312904,13252,28270,38949
2026-06-19_13.49.47_ROI4_BR_dSERT,50:65,dSERT,early EtOH,80369,8.886510968159365,15.983774838557155,75.12971419328348,7142,12846,60381
2026-06-19_13.49.47_ROI4_BR_dSERT,50:65,dSERT,late EtOH,80598,6.577086280056577,17.190252859872455,76.23266086007096,5301,13855,61442
2026-06-19_13.49.47_ROI4_BR_dSERT,50:65,dSERT,recovery,78620,9.001526329178326,18.726787077079624,72.27168659374205,7077,14723,56820
